,date,total_cases,new_cases,weekly_new_cases_average,new_cases_yesterday,new_deaths,weeky_new_deaths_average,new_deaths_yesterday,new_tests,weekly_new_tests_average,new_tests_yesterday,positive_rate,total_vaccinations,total_vaccinations_yesterday,people_vaccinated,people_vaccinated_yesterday,people_fully_vaccinated,people_fully_vaccinated_yesterday,stringency_index,driving,transit,walking,retail_and_recreation_percent_change_from_baseline,grocery_and_pharmacy_percent_change_from_baseline,parks_percent_change_from_baseline,transit_stations_percent_change_from_baseline,workplaces_percent_change_from_baseline,residential_percent_change_from_baseline
2020-03-01,2020-03-01,32.0,7.0,1.0,8.0,0.0,0.0,1.0,372.0,0.0,0.0,0.0,0.0,0.0,0.0,0.0,0.0,0.0,8.33,101.04,85.31,102.29,13.0,9.0,18.0,7.0,3.0,-1.0
2020-03-02,2020-03-02,55.0,23.0,2.0,7.0,5.0,0.0,0.0,521.0,53.0,372.0,0.0,0.0,0.0,0.0,0.0,0.0,0.0,11.11,107.73,98.06,99.2,7.0,6.0,10.0,2.0,3.0,-1.0
2020-03-03,2020-03-03,74.0,19.0,6.0,23.0,1.0,1.0,5.0,913.0,128.0,521.0,0.0,0.0,0.0,0.0,0.0,0.0,0.0,11.11,112.98,100.26,104.76,11.0,10.0,20.0,3.0,2.0,-1.0
2020-03-04,2020-03-04,107.0,33.0,8.0,19.0,4.0,1.0,1.0,896.0,258.0,913.0,0.0,0.0,0.0,0.0,0.0,0.0,0.0,11.11,113.05,101.5,104.61,8.0,6.0,17.0,2.0,3.0,-1.0
2020-03-05,2020-03-05,184.0,77.0,13.0,33.0,1.0,2.0,4.0,1199.0,386.0,896.0,0.0,0.0,0.0,0.0,0.0,0.0,0.0,20.37,119.74,103.53,111.67,8.0,7.0,21.0,2.0,3.0,-1.0
2020-03-06,2020-03-06,237.0,53.0,24.0,77.0,2.0,2.0,1.0,1523.0,557.0,1199.0,0.0,0.0,0.0,0.0,0.0,0.0,0.0,20.37,139.98,111.5,133.94,5.0,3.0,12.0,2.0,2.0,-1.0
2020-03-07,2020-03-07,403.0,166.0,31.0,53.0,3.0,2.0,2.0,1789.0,775.0,1523.0,0.042,0.0,0.0,0.0,0.0,0.0,0.0,20.37,137.37,107.32,155.7,10.0,8.0,29.0,7.0,5.0,-1.0
2020-03-08,2020-03-08,519.0,116.0,54.0,166.0,4.0,2.0,3.0,1666.0,1030.0,1789.0,0.053,0.0,0.0,0.0,0.0,0.0,0.0,20.37,101.64,84.23,107.77,10.0,7.0,40.0,5.0,2.0,-1.0
2020-03-09,2020-03-09,594.0,75.0,70.0,116.0,1.0,3.0,4.0,2297.0,1215.0,1666.0,0.065,0.0,0.0,0.0,0.0,0.0,0.0,20.37,109.65,97.1,105.33,6.0,6.0,31.0,-1.0,0.0,0.0
2020-03-10,2020-03-10,782.0,188.0,77.0,75.0,6.0,2.0,1.0,3297.0,1469.0,2297.0,0.076,0.0,0.0,0.0,0.0,0.0,0.0,20.37,111.34,92.48,103.06,6.0,7.0,18.0,-3.0,-2.0,1.0
2020-03-11,2020-03-11,1147.0,365.0,101.0,188.0,5.0,3.0,6.0,4653.0,1810.0,3297.0,0.076,0.0,0.0,0.0,0.0,0.0,0.0,21.76,110.97,89.97,102.34,8.0,10.0,26.0,-2.0,-1.0,0.0
2020-03-12,2020-03-12,1586.0,439.0,149.0,365.0,10.0,3.0,5.0,8540.0,2346.0,4653.0,0.069,0.0,0.0,0.0,0.0,0.0,0.0,30.09,108.49,79.08,96.43,6.0,23.0,19.0,-6.0,-3.0,1.0
2020-03-13,2020-03-13,2219.0,633.0,200.0,439.0,8.0,4.0,10.0,11407.0,3395.0,8540.0,0.057,0.0,0.0,0.0,0.0,0.0,0.0,30.09,117.01,76.78,105.88,2.0,26.0,4.0,-10.0,-7.0,3.0
2020-03-14,2020-03-14,2978.0,759.0,283.0,633.0,7.0,5.0,8.0,13009.0,4807.0,11407.0,0.051,0.0,0.0,0.0,0.0,0.0,0.0,35.65,102.87,64.59,105.24,-6.0,18.0,3.0,-10.0,-1.0,3.0
2020-03-15,2020-03-15,3212.0,234.0,368.0,759.0,12.0,6.0,7.0,14494.0,6410.0,13009.0,0.058,0.0,0.0,0.0,0.0,0.0,0.0,41.2,76.16,49.93,69.72,-9.0,12.0,5.0,-13.0,-7.0,3.0
2020-03-16,2020-03-16,4679.0,1467.0,385.0,234.0,27.0,7.0,12.0,27512.0,8242.0,14494.0,0.048,0.0,0.0,0.0,0.0,0.0,0.0,52.31,84.09,50.79,69.43,-8.0,21.0,-1.0,-22.0,-20.0,8.0
2020-03-17,2020-03-17,6512.0,1833.0,584.0,1467.0,37.0,11.0,27.0,39951.0,11845.0,27512.0,0.055,0.0,0.0,0.0,0.0,0.0,0.0,55.09,77.04,43.58,64.05,-18.0,14.0,8.0,-26.0,-27.0,11.0
2020-03-18,2020-03-18,9169.0,2657.0,819.0,1833.0,60.0,15.0,37.0,50542.0,17081.0,39951.0,0.059,0.0,0.0,0.0,0.0,0.0,0.0,55.09,72.84,39.63,59.26,-24.0,8.0,6.0,-30.0,-31.0,13.0
2020-03-19,2020-03-19,13663.0,4494.0,1146.0,2657.0,72.0,23.0,60.0,61284.0,23636.0,50542.0,0.065,0.0,0.0,0.0,0.0,0.0,0.0,67.13,70.21,36.76,56.3,-28.0,7.0,2.0,-36.0,-33.0,15.0
2020-03-20,2020-03-20,20030.0,6367.0,1725.0,4494.0,106.0,32.0,72.0,76591.0,31171.0,61284.0,0.062,0.0,0.0,0.0,0.0,0.0,0.0,67.13,74.33,35.8,59.59,-32.0,5.0,-2.0,-37.0,-36.0,16.0
2020-03-21,2020-03-21,26025.0,5995.0,2544.0,6367.0,103.0,46.0,106.0,75688.0,40483.0,76591.0,0.066,0.0,0.0,0.0,0.0,0.0,0.0,72.69,62.31,29.31,52.26,-40.0,-2.0,-3.0,-36.0,-24.0,12.0
2020-03-22,2020-03-22,34898.0,8873.0,3292.0,5995.0,121.0,60.0,103.0,74068.0,49437.0,75688.0,0.076,0.0,0.0,0.0,0.0,0.0,0.0,72.69,46.45,24.84,39.71,-44.0,-13.0,-12.0,-44.0,-31.0,11.0
2020-03-23,2020-03-23,46136.0,11238.0,4527.0,8873.0,192.0,75.0,121.0,79728.0,57948.0,74068.0,0.089,0.0,0.0,0.0,0.0,0.0,0.0,72.69,55.73,28.17,44.31,-38.0,-10.0,-23.0,-47.0,-41.0,17.0
2020-03-24,2020-03-24,56755.0,10619.0,5922.0,11238.0,243.0,99.0,192.0,104657.0,65407.0,79728.0,0.093,0.0,0.0,0.0,0.0,0.0,0.0,72.69,55.52,27.91,46.34,-39.0,-12.0,-10.0,-46.0,-45.0,19.0
2020-03-25,2020-03-25,68837.0,12082.0,7178.0,10619.0,333.0,128.0,243.0,114614.0,74651.0,104657.0,0.1,0.0,0.0,0.0,0.0,0.0,0.0,72.69,55.24,26.94,46.04,-40.0,-15.0,-7.0,-47.0,-46.0,19.0
2020-03-26,2020-03-26,86693.0,17856.0,8524.0,12082.0,419.0,167.0,333.0,129216.0,83804.0,114614.0,0.109,0.0,0.0,0.0,0.0,0.0,0.0,72.69,56.81,27.09,48.25,-40.0,-14.0,3.0,-48.0,-47.0,20.0
2020-03-27,2020-03-27,105383.0,18690.0,10433.0,17856.0,522.0,217.0,419.0,135914.0,93509.0,129216.0,0.12,0.0,0.0,0.0,0.0,0.0,0.0,72.69,62.22,28.07,51.95,-42.0,-16.0,-7.0,-49.0,-46.0,21.0
2020-03-28,2020-03-28,125013.0,19630.0,12193.0,18690.0,642.0,276.0,522.0,122476.0,101984.0,135914.0,0.131,0.0,0.0,0.0,0.0,0.0,0.0,72.69,52.56,23.83,44.42,-48.0,-19.0,-25.0,-49.0,-34.0,15.0
2020-03-29,2020-03-29,143912.0,18899.0,14141.0,19630.0,624.0,353.0,642.0,110862.0,108668.0,122476.0,0.136,0.0,0.0,0.0,0.0,0.0,0.0,72.69,42.96,22.39,38.29,-47.0,-22.0,-19.0,-51.0,-38.0,12.0
2020-03-30,2020-03-30,165987.0,22075.0,15573.0,18899.0,713.0,425.0,624.0,123199.0,113924.0,110862.0,0.143,0.0,0.0,0.0,0.0,0.0,0.0,72.69,53.53,26.51,45.36,-40.0,-18.0,-15.0,-50.0,-48.0,19.0
2020-03-31,2020-03-31,192301.0,26314.0,17122.0,22075.0,1085.0,499.0,713.0,142530.0,120134.0,123199.0,0.15,0.0,0.0,0.0,0.0,0.0,0.0,72.69,53.98,25.47,45.06,-40.0,-16.0,-16.0,-49.0,-49.0,20.0
2020-04-01,2020-04-01,224560.0,32259.0,19364.0,26314.0,1283.0,620.0,1085.0,153218.0,125544.0,142530.0,0.158,0.0,0.0,0.0,0.0,0.0,0.0,72.69,55.49,25.24,47.41,-37.0,-11.0,-7.0,-48.0,-49.0,20.0
2020-04-02,2020-04-02,256792.0,32232.0,22246.0,32259.0,1512.0,755.0,1283.0,162089.0,131059.0,153218.0,0.162,0.0,0.0,0.0,0.0,0.0,0.0,72.69,55.64,24.67,47.1,-40.0,-11.0,-9.0,-51.0,-50.0,21.0
2020-04-03,2020-04-03,289087.0,32295.0,24300.0,32232.0,1431.0,912.0,1512.0,169169.0,135755.0,162089.0,0.174,0.0,0.0,0.0,0.0,0.0,0.0,72.69,60.61,25.04,50.2,-42.0,-12.0,-21.0,-51.0,-50.0,22.0
2020-04-04,2020-04-04,321477.0,32390.0,26243.0,32295.0,1563.0,1041.0,1431.0,147460.0,140506.0,169169.0,0.181,0.0,0.0,0.0,0.0,0.0,0.0,72.69,52.22,22.42,45.77,-48.0,-15.0,-24.0,-50.0,-37.0,15.0
2020-04-05,2020-04-05,351354.0,29877.0,28066.0,32390.0,1615.0,1173.0,1563.0,138642.0,144075.0,147460.0,0.183,0.0,0.0,0.0,0.0,0.0,0.0,72.69,42.19,20.92,38.89,-49.0,-20.0,-20.0,-54.0,-40.0,13.0
2020-04-06,2020-04-06,382747.0,31393.0,29635.0,29877.0,1771.0,1315.0,1615.0,142740.0,148044.0,138642.0,0.199,0.0,0.0,0.0,0.0,0.0,0.0,72.69,53.73,24.71,46.94,-42.0,-16.0,-10.0,-52.0,-50.0,20.0
2020-04-07,2020-04-07,413516.0,30769.0,30966.0,31393.0,2575.0,1466.0,1771.0,180022.0,150835.0,142740.0,0.191,0.0,0.0,0.0,0.0,0.0,0.0,72.69,55.27,24.65,48.7,-42.0,-14.0,-2.0,-51.0,-51.0,21.0
2020-04-08,2020-04-08,444731.0,31215.0,31602.0,30769.0,2160.0,1679.0,2575.0,168130.0,156191.0,180022.0,0.193,0.0,0.0,0.0,0.0,0.0,0.0,72.69,56.21,24.51,48.77,-42.0,-15.0,-6.0,-51.0,-51.0,21.0
2020-04-09,2020-04-09,480667.0,35936.0,31453.0,31215.0,2203.0,1804.0,2160.0,174069.0,158322.0,168130.0,0.196,0.0,0.0,0.0,0.0,0.0,0.0,72.69,56.9,23.69,46.28,-43.0,-13.0,-21.0,-54.0,-52.0,22.0
2020-04-10,2020-04-10,515081.0,34414.0,31982.0,35936.0,2194.0,1903.0,2203.0,171544.0,160033.0,174069.0,0.195,0.0,0.0,0.0,0.0,0.0,0.0,72.69,63.87,24.31,51.97,-43.0,-13.0,-21.0,-54.0,-56.0,24.0
2020-04-11,2020-04-11,544183.0,29102.0,32285.0,34414.0,2127.0,2012.0,2194.0,210532.0,160372.0,171544.0,0.186,0.0,0.0,0.0,0.0,0.0,0.0,72.69,57.51,22.65,50.69,-45.0,-7.0,-16.0,-49.0,-38.0,14.0
2020-04-12,2020-04-12,571440.0,27257.0,31815.0,29102.0,1874.0,2092.0,2127.0,111747.0,169383.0,210532.0,0.193,0.0,0.0,0.0,0.0,0.0,0.0,72.69,37.42,19.06,34.2,-63.0,-39.0,-36.0,-56.0,-45.0,13.0
2020-04-13,2020-04-13,598380.0,26940.0,31441.0,27257.0,2009.0,2129.0,1874.0,114443.0,165541.0,111747.0,0.182,0.0,0.0,0.0,0.0,0.0,0.0,72.69,54.98,23.67,44.06,-45.0,-22.0,-31.0,-55.0,-51.0,21.0
2020-04-14,2020-04-14,627205.0,28825.0,30805.0,26940.0,2434.0,2163.0,2009.0,162275.0,161498.0,114443.0,0.188,0.0,0.0,0.0,0.0,0.0,0.0,72.69,59.3,24.44,48.68,-40.0,-16.0,-15.0,-50.0,-50.0,20.0
2020-04-15,2020-04-15,652611.0,25406.0,30527.0,28825.0,2612.0,2143.0,2434.0,172261.0,158963.0,162275.0,0.183,0.0,0.0,0.0,0.0,0.0,0.0,72.69,63.03,24.23,50.37,-36.0,-13.0,-16.0,-49.0,-49.0,20.0
2020-04-16,2020-04-16,682626.0,30015.0,29697.0,25406.0,2143.0,2208.0,2612.0,184030.0,159553.0,172261.0,0.179,0.0,0.0,0.0,0.0,0.0,0.0,72.69,64.11,24.06,50.64,-39.0,-13.0,-14.0,-50.0,-49.0,21.0
2020-04-17,2020-04-17,715656.0,33030.0,28851.0,30015.0,2110.0,2199.0,2143.0,197548.0,160976.0,184030.0,0.171,0.0,0.0,0.0,0.0,0.0,0.0,72.69,70.71,24.89,54.85,-42.0,-17.0,-22.0,-51.0,-48.0,22.0
2020-04-18,2020-04-18,743588.0,27932.0,28654.0,33030.0,1973.0,2187.0,2110.0,166774.0,164691.0,197548.0,0.175,0.0,0.0,0.0,0.0,0.0,0.0,72.69,65.07,22.89,52.49,-45.0,-15.0,-20.0,-47.0,-33.0,14.0
2020-04-19,2020-04-19,769684.0,26096.0,28486.0,27932.0,1971.0,2165.0,1973.0,133911.0,158440.0,166774.0,0.169,0.0,0.0,0.0,0.0,0.0,0.0,72.69,52.71,22.11,45.86,-45.0,-19.0,-10.0,-50.0,-37.0,11.0
2020-04-20,2020-04-20,799512.0,29828.0,28321.0,26096.0,2229.0,2179.0,1971.0,159498.0,161606.0,133911.0,0.167,0.0,0.0,0.0,0.0,0.0,0.0,72.69,65.15,26.13,53.87,-39.0,-16.0,-7.0,-49.0,-48.0,19.0
2020-04-21,2020-04-21,825429.0,25917.0,28733.0,29828.0,2514.0,2210.0,2229.0,221122.0,168042.0,159498.0,0.159,0.0,0.0,0.0,0.0,0.0,0.0,72.69,65.0,25.1,51.9,-38.0,-14.0,-8.0,-49.0,-49.0,20.0
2020-04-22,2020-04-22,854288.0,28859.0,28318.0,25917.0,2460.0,2222.0,2514.0,235347.0,176449.0,221122.0,0.151,0.0,0.0,0.0,0.0,0.0,0.0,72.69,66.49,25.09,52.86,-38.0,-14.0,-9.0,-48.0,-49.0,20.0
2020-04-23,2020-04-23,887858.0,33570.0,28811.0,28859.0,2456.0,2200.0,2460.0,232524.0,185461.0,235347.0,0.152,0.0,0.0,0.0,0.0,0.0,0.0,72.69,68.0,25.08,52.92,-40.0,-14.0,-14.0,-50.0,-49.0,21.0
2020-04-24,2020-04-24,920185.0,32327.0,29319.0,33570.0,2188.0,2245.0,2456.0,258812.0,192389.0,232524.0,0.145,0.0,0.0,0.0,0.0,0.0,0.0,72.69,76.68,25.99,58.89,-40.0,-16.0,-14.0,-50.0,-48.0,21.0
2020-04-25,2020-04-25,950581.0,30396.0,29218.0,32327.0,1711.0,2256.0,2188.0,219246.0,201141.0,258812.0,0.143,0.0,0.0,0.0,0.0,0.0,0.0,72.69,72.62,24.85,60.0,-41.0,-11.0,2.0,-42.0,-32.0,12.0
2020-04-26,2020-04-26,977082.0,26501.0,29570.0,30396.0,1399.0,2218.0,1711.0,171263.0,208637.0,219246.0,0.141,0.0,0.0,0.0,0.0,0.0,0.0,72.69,57.06,22.47,45.95,-42.0,-16.0,-11.0,-48.0,-36.0,11.0
2020-04-27,2020-04-27,1000785.0,23703.0,29628.0,26501.0,1508.0,2137.0,1399.0,225797.0,213973.0,171263.0,0.131,0.0,0.0,0.0,0.0,0.0,0.0,72.69,68.77,26.64,54.93,-35.0,-13.0,-4.0,-48.0,-46.0,18.0
2020-04-28,2020-04-28,1025362.0,24577.0,28753.0,23703.0,2224.0,2034.0,1508.0,268786.0,223444.0,225797.0,0.126,0.0,0.0,0.0,0.0,0.0,0.0,72.69,71.33,27.32,57.61,-34.0,-10.0,6.0,-45.0,-48.0,12.0
2020-04-29,2020-04-29,1051800.0,26438.0,28562.0,24577.0,2418.0,1992.0,2224.0,294567.0,230254.0,268786.0,0.121,0.0,0.0,0.0,0.0,0.0,0.0,72.69,71.86,26.84,56.67,-34.0,-11.0,-7.0,-46.0,-47.0,19.0
2020-04-30,2020-04-30,1081020.0,29220.0,28216.0,26438.0,2195.0,1986.0,2418.0,322049.0,238714.0,294567.0,0.112,0.0,0.0,0.0,0.0,0.0,0.0,72.69,74.98,26.66,57.81,-34.0,-9.0,-7.0,-47.0,-47.0,19.0
2020-05-01,2020-05-01,1115946.0,34926.0,27595.0,29220.0,1909.0,1949.0,2195.0,336744.0,251503.0,322049.0,0.107,0.0,0.0,0.0,0.0,0.0,0.0,72.69,88.5,29.24,69.58,-32.0,-7.0,7.0,-43.0,-45.0,18.0
2020-05-02,2020-05-02,1143296.0,27350.0,27966.0,34926.0,1731.0,1909.0,1909.0,268373.0,262636.0,336744.0,0.102,0.0,0.0,0.0,0.0,0.0,0.0,72.69,84.34,28.11,71.29,-34.0,-4.0,28.0,-35.0,-29.0,10.0
2020-05-03,2020-05-03,1167593.0,24297.0,27531.0,27350.0,1190.0,1912.0,1731.0,215031.0,269654.0,268373.0,0.1,0.0,0.0,0.0,0.0,0.0,0.0,72.69,68.08,26.35,57.64,-34.0,-8.0,22.0,-40.0,-31.0,8.0
2020-05-04,2020-05-04,1191678.0,24085.0,27216.0,24297.0,1379.0,1882.0,1190.0,250239.0,275907.0,215031.0,0.097,0.0,0.0,0.0,0.0,0.0,0.0,72.69,78.01,30.0,63.27,-29.0,-7.0,5.0,-44.0,-44.0,16.0
2020-05-05,2020-05-05,1216209.0,24531.0,27270.0,24085.0,2242.0,1864.0,1379.0,319658.0,279398.0,250239.0,0.094,0.0,0.0,0.0,0.0,0.0,0.0,72.69,80.55,29.8,64.79,-28.0,-3.0,5.0,-43.0,-45.0,17.0
2020-05-06,2020-05-06,1240769.0,24560.0,27264.0,24531.0,2314.0,1866.0,2242.0,358717.0,286666.0,319658.0,0.089,0.0,0.0,0.0,0.0,0.0,0.0,72.69,81.47,29.47,64.32,-29.0,-6.0,6.0,-43.0,-44.0,17.0
2020-05-07,2020-05-07,1268180.0,27411.0,26996.0,24560.0,1929.0,1851.0,2314.0,361074.0,295830.0,358717.0,0.087,0.0,0.0,0.0,0.0,0.0,0.0,72.69,85.85,30.12,68.9,-29.0,-3.0,21.0,-42.0,-44.0,17.0
2020-05-08,2020-05-08,1295019.0,26839.0,26737.0,27411.0,1763.0,1813.0,1929.0,401370.0,301405.0,361074.0,0.083,0.0,0.0,0.0,0.0,0.0,0.0,72.69,95.56,30.07,73.57,-32.0,-5.0,-2.0,-43.0,-43.0,18.0
2020-05-09,2020-05-09,1320155.0,25136.0,25582.0,26839.0,1468.0,1793.0,1763.0,335175.0,310637.0,401370.0,0.079,0.0,0.0,0.0,0.0,0.0,0.0,72.69,93.62,28.58,75.32,-30.0,7.0,9.0,-35.0,-26.0,9.0
2020-05-10,2020-05-10,1339022.0,18867.0,25266.0,25136.0,978.0,1755.0,1468.0,249085.0,320181.0,335175.0,0.076,0.0,0.0,0.0,0.0,0.0,0.0,72.69,70.41,24.77,55.76,-30.0,1.0,6.0,-37.0,-27.0,7.0
2020-05-11,2020-05-11,1358293.0,19271.0,24490.0,18867.0,1042.0,1725.0,978.0,318895.0,325045.0,249085.0,0.073,0.0,0.0,0.0,0.0,0.0,0.0,72.69,70.41,24.77,55.76,-31.0,-11.0,-3.0,-44.0,-42.0,16.0
2020-05-12,2020-05-12,1381241.0,22948.0,23802.0,19271.0,1599.0,1677.0,1042.0,419910.0,334853.0,318895.0,0.07,0.0,0.0,0.0,0.0,0.0,0.0,72.69,70.41,24.77,55.76,-28.0,-6.0,10.0,-41.0,-43.0,16.0
2020-05-13,2020-05-13,1401649.0,20408.0,23576.0,22948.0,1727.0,1585.0,1599.0,449034.0,349175.0,419910.0,0.066,0.0,0.0,0.0,0.0,0.0,0.0,72.69,91.01,30.69,76.46,-26.0,-5.0,18.0,-40.0,-42.0,16.0
2020-05-14,2020-05-14,1428467.0,26818.0,22983.0,20408.0,1796.0,1501.0,1727.0,448697.0,362078.0,449034.0,0.063,0.0,0.0,0.0,0.0,0.0,0.0,72.69,94.41,30.83,78.54,-28.0,-5.0,17.0,-42.0,-43.0,17.0
2020-05-15,2020-05-15,1453214.0,24747.0,22898.0,26818.0,1668.0,1482.0,1796.0,444912.0,374595.0,448697.0,0.061,0.0,0.0,0.0,0.0,0.0,0.0,72.69,109.51,33.06,92.87,-29.0,-7.0,21.0,-40.0,-42.0,16.0
2020-05-16,2020-05-16,1477373.0,24159.0,22599.0,24747.0,1198.0,1468.0,1668.0,365016.0,380815.0,444912.0,0.062,0.0,0.0,0.0,0.0,0.0,0.0,72.69,104.87,31.28,92.48,-30.0,-3.0,32.0,-34.0,-24.0,9.0
2020-05-17,2020-05-17,1495736.0,18363.0,22460.0,24159.0,821.0,1430.0,1198.0,304396.0,385078.0,365016.0,0.057,0.0,0.0,0.0,0.0,0.0,0.0,72.69,83.6,28.39,72.02,-30.0,-8.0,17.0,-39.0,-25.0,8.0
2020-05-18,2020-05-18,1518126.0,22390.0,22388.0,18363.0,1227.0,1407.0,821.0,353687.0,392980.0,304396.0,0.058,0.0,0.0,0.0,0.0,0.0,0.0,72.69,94.5,32.65,79.45,-26.0,-8.0,2.0,-43.0,-40.0,15.0
2020-05-19,2020-05-19,1539133.0,21007.0,22833.0,22390.0,1456.0,1434.0,1227.0,432260.0,397950.0,353687.0,0.059,0.0,0.0,0.0,0.0,0.0,0.0,72.69,99.48,32.74,84.13,-24.0,-4.0,15.0,-40.0,-41.0,15.0
2020-05-20,2020-05-20,1561830.0,22697.0,22556.0,21007.0,1501.0,1413.0,1456.0,461362.0,399715.0,432260.0,0.059,0.0,0.0,0.0,0.0,0.0,0.0,72.69,102.44,33.2,86.94,-22.0,-3.0,23.0,-38.0,-41.0,15.0
2020-05-21,2020-05-21,1587596.0,25766.0,22883.0,22697.0,1185.0,1381.0,1501.0,458770.0,401476.0,461362.0,0.057,0.0,0.0,0.0,0.0,0.0,0.0,72.69,107.95,33.67,90.55,-22.0,-1.0,31.0,-37.0,-41.0,15.0
2020-05-22,2020-05-22,1611253.0,23657.0,22733.0,25766.0,1217.0,1294.0,1185.0,490467.0,402915.0,458770.0,0.056,0.0,0.0,0.0,0.0,0.0,0.0,72.69,125.32,36.12,104.37,-24.0,-2.0,31.0,-36.0,-41.0,15.0
2020-05-23,2020-05-23,1632364.0,21111.0,22577.0,23657.0,1089.0,1229.0,1217.0,389944.0,409423.0,490467.0,0.054,0.0,0.0,0.0,0.0,0.0,0.0,72.69,115.84,33.43,101.57,-27.0,0.0,43.0,-30.0,-21.0,7.0
2020-05-24,2020-05-24,1652431.0,20067.0,22142.0,21111.0,639.0,1214.0,1089.0,346524.0,412984.0,389944.0,0.054,0.0,0.0,0.0,0.0,0.0,0.0,72.69,95.79,31.38,85.35,-25.0,-2.0,57.0,-33.0,-24.0,5.0
2020-05-25,2020-05-25,1671104.0,18673.0,22385.0,20067.0,592.0,1188.0,639.0,329602.0,419002.0,346524.0,0.054,0.0,0.0,0.0,0.0,0.0,0.0,72.69,92.54,33.08,78.61,-28.0,-8.0,60.0,-48.0,-72.0,20.0
2020-05-26,2020-05-26,1690754.0,19650.0,21854.0,18673.0,677.0,1097.0,592.0,459744.0,415561.0,329602.0,0.051,0.0,0.0,0.0,0.0,0.0,0.0,72.69,106.47,37.14,91.83,-22.0,-3.0,28.0,-37.0,-39.0,14.0
2020-05-27,2020-05-27,1709303.0,18549.0,21660.0,19650.0,1462.0,986.0,677.0,552276.0,419488.0,459744.0,0.049,0.0,0.0,0.0,0.0,0.0,0.0,72.69,108.78,36.98,93.44,-21.0,-4.0,32.0,-37.0,-38.0,14.0
2020-05-28,2020-05-28,1731625.0,22322.0,21068.0,18549.0,1101.0,980.0,1462.0,534795.0,432475.0,552276.0,0.048,0.0,0.0,0.0,0.0,0.0,0.0,72.69,111.45,36.37,94.3,-21.0,-2.0,26.0,-37.0,-38.0,14.0
2020-05-29,2020-05-29,1756098.0,24473.0,20576.0,22322.0,1133.0,968.0,1101.0,543309.0,443336.0,534795.0,0.045,0.0,0.0,0.0,0.0,0.0,0.0,72.69,127.18,38.46,109.16,-23.0,-5.0,29.0,-36.0,-37.0,14.0
2020-05-30,2020-05-30,1779731.0,23633.0,20692.0,24473.0,954.0,956.0,1133.0,451343.0,450885.0,543309.0,0.044,0.0,0.0,0.0,0.0,0.0,0.0,72.69,123.59,37.81,113.18,-24.0,-1.0,48.0,-26.0,-12.0,6.0
2020-05-31,2020-05-31,1798718.0,18987.0,21052.0,23633.0,615.0,937.0,954.0,373247.0,459656.0,451343.0,0.047,0.0,0.0,0.0,0.0,0.0,0.0,72.69,97.96,32.76,86.96,-23.0,-4.0,47.0,-30.0,-16.0,5.0
2020-06-01,2020-06-01,1816154.0,17436.0,20898.0,18987.0,776.0,933.0,615.0,437218.0,463474.0,373247.0,0.042,0.0,0.0,0.0,0.0,0.0,0.0,72.69,107.63,36.92,94.6,-18.0,-2.0,28.0,-36.0,-37.0,12.0
2020-06-02,2020-06-02,1837656.0,21502.0,20721.0,17436.0,981.0,960.0,776.0,520730.0,478847.0,437218.0,0.044,0.0,0.0,0.0,0.0,0.0,0.0,72.69,109.14,37.39,96.94,-18.0,0.0,35.0,-36.0,-37.0,13.0
2020-06-03,2020-06-03,1857511.0,19855.0,20986.0,21502.0,1010.0,1003.0,981.0,580571.0,487560.0,520730.0,0.042,0.0,0.0,0.0,0.0,0.0,0.0,72.69,111.61,37.37,96.33,-16.0,1.0,33.0,-35.0,-37.0,13.0
2020-06-04,2020-06-04,1879150.0,21639.0,21173.0,19855.0,1013.0,939.0,1010.0,616381.0,491602.0,580571.0,0.041,0.0,0.0,0.0,0.0,0.0,0.0,72.69,117.88,38.99,100.52,-18.0,1.0,40.0,-35.0,-37.0,13.0
2020-06-05,2020-06-05,1904550.0,25400.0,21075.0,21639.0,891.0,926.0,1013.0,571620.0,503257.0,616381.0,0.044,0.0,0.0,0.0,0.0,0.0,0.0,72.69,133.68,40.66,113.19,-20.0,-2.0,34.0,-34.0,-36.0,13.0
2020-06-06,2020-06-06,1925710.0,21160.0,21207.0,25400.0,642.0,891.0,891.0,463876.0,507301.0,571620.0,0.045,0.0,0.0,0.0,0.0,0.0,0.0,72.69,131.07,41.16,119.76,-21.0,1.0,51.0,-25.0,-13.0,5.0
2020-06-07,2020-06-07,1943626.0,17916.0,20854.0,21160.0,459.0,847.0,642.0,405822.0,509092.0,463876.0,0.042,0.0,0.0,0.0,0.0,0.0,0.0,72.69,105.4,37.39,91.85,-19.0,-2.0,53.0,-28.0,-16.0,4.0
2020-06-08,2020-06-08,1961263.0,17637.0,20701.0,17916.0,507.0,825.0,459.0,448594.0,513745.0,405822.0,0.043,0.0,0.0,0.0,0.0,0.0,0.0,72.69,115.92,43.32,99.64,-16.0,-2.0,39.0,-34.0,-36.0,11.0
2020-06-09,2020-06-09,1979647.0,18384.0,20730.0,17637.0,913.0,786.0,507.0,559382.0,515371.0,448594.0,0.04,0.0,0.0,0.0,0.0,0.0,0.0,72.69,118.49,43.35,101.36,-16.0,-1.0,36.0,-34.0,-36.0,12.0
2020-06-10,2020-06-10,2000757.0,21110.0,20284.0,18384.0,876.0,776.0,913.0,627432.0,520892.0,559382.0,0.042,0.0,0.0,0.0,0.0,0.0,0.0,72.69,121.12,43.35,102.98,-14.0,-1.0,40.0,-33.0,-36.0,12.0
2020-06-11,2020-06-11,2023890.0,23133.0,20464.0,21110.0,830.0,757.0,876.0,614519.0,527587.0,627432.0,0.042,0.0,0.0,0.0,0.0,0.0,0.0,72.69,126.3,42.92,106.25,-15.0,0.0,49.0,-33.0,-36.0,12.0
2020-06-12,2020-06-12,2048756.0,24866.0,20677.0,23133.0,829.0,731.0,830.0,616249.0,527321.0,614519.0,0.04,0.0,0.0,0.0,0.0,0.0,0.0,72.69,146.81,47.34,127.74,-17.0,-1.0,57.0,-30.0,-35.0,11.0
2020-06-13,2020-06-13,2073964.0,25208.0,20601.0,24866.0,735.0,722.0,829.0,532312.0,533696.0,616249.0,0.038,0.0,0.0,0.0,0.0,0.0,0.0,72.69,142.73,44.66,131.19,-18.0,2.0,74.0,-20.0,-10.0,4.0
2020-06-14,2020-06-14,2092912.0,18948.0,21179.0,25208.0,345.0,736.0,735.0,413461.0,543473.0,532312.0,0.039,0.0,0.0,0.0,0.0,0.0,0.0,72.69,114.39,40.12,98.53,-16.0,-2.0,68.0,-23.0,-13.0,3.0
2020-06-15,2020-06-15,2112731.0,19819.0,21327.0,18948.0,396.0,719.0,345.0,505385.0,544564.0,413461.0,0.039,0.0,0.0,0.0,0.0,0.0,0.0,68.98,122.16,45.4,104.69,-14.0,-2.0,45.0,-32.0,-35.0,11.0
2020-06-16,2020-06-16,2136401.0,23670.0,21638.0,19819.0,814.0,703.0,396.0,673786.0,552677.0,505385.0,0.041,0.0,0.0,0.0,0.0,0.0,0.0,68.98,124.89,45.91,108.03,-13.0,1.0,57.0,-31.0,-36.0,11.0
2020-06-17,2020-06-17,2163465.0,27064.0,22393.0,23670.0,739.0,689.0,814.0,706139.0,569021.0,673786.0,0.041,0.0,0.0,0.0,0.0,0.0,0.0,68.98,127.18,45.69,109.04,-12.0,0.0,58.0,-31.0,-36.0,11.0
2020-06-18,2020-06-18,2191991.0,28526.0,23244.0,27064.0,689.0,670.0,739.0,703434.0,580264.0,706139.0,0.041,0.0,0.0,0.0,0.0,0.0,0.0,68.98,132.57,46.18,112.23,-13.0,1.0,59.0,-31.0,-36.0,11.0
2020-06-19,2020-06-19,2223553.0,31562.0,24014.0,28526.0,629.0,650.0,689.0,704940.0,592967.0,703434.0,0.043,0.0,0.0,0.0,0.0,0.0,0.0,68.98,153.57,51.04,135.01,-15.0,0.0,60.0,-28.0,-36.0,9.0
2020-06-20,2020-06-20,2255823.0,32270.0,24971.0,31562.0,559.0,621.0,629.0,584495.0,605637.0,704940.0,0.044,0.0,0.0,0.0,0.0,0.0,0.0,68.98,146.2,46.18,131.23,-17.0,6.0,69.0,-20.0,-11.0,3.0
2020-06-21,2020-06-21,2280971.0,25148.0,25980.0,32270.0,317.0,596.0,559.0,422763.0,613091.0,584495.0,0.045,0.0,0.0,0.0,0.0,0.0,0.0,68.98,108.83,39.74,91.1,-17.0,2.0,59.0,-23.0,-13.0,2.0
2020-06-22,2020-06-22,2313123.0,32152.0,26866.0,25148.0,407.0,592.0,317.0,547736.0,614420.0,422763.0,0.046,0.0,0.0,0.0,0.0,0.0,0.0,68.98,125.21,48.89,107.69,-16.0,-5.0,43.0,-32.0,-38.0,11.0
2020-06-23,2020-06-23,2350198.0,37075.0,28627.0,32152.0,748.0,593.0,407.0,702059.0,620470.0,547736.0,0.047,0.0,0.0,0.0,0.0,0.0,0.0,68.98,128.97,49.39,113.44,-13.0,0.0,54.0,-30.0,-38.0,11.0
2020-06-24,2020-06-24,2386074.0,35876.0,30542.0,37075.0,737.0,584.0,748.0,767027.0,624509.0,702059.0,0.05,0.0,0.0,0.0,0.0,0.0,0.0,68.98,132.31,49.41,116.42,-12.0,-1.0,57.0,-30.0,-36.0,11.0
2020-06-25,2020-06-25,2426391.0,40317.0,31801.0,35876.0,537.0,584.0,737.0,774295.0,633208.0,767027.0,0.052,0.0,0.0,0.0,0.0,0.0,0.0,68.98,138.16,49.83,121.69,-13.0,1.0,64.0,-29.0,-36.0,11.0
2020-06-26,2020-06-26,2472385.0,45994.0,33486.0,40317.0,629.0,562.0,537.0,811880.0,643331.0,774295.0,0.053,0.0,0.0,0.0,0.0,0.0,0.0,68.98,155.9,52.8,138.08,-17.0,-3.0,57.0,-28.0,-36.0,11.0
2020-06-27,2020-06-27,2513731.0,41346.0,35547.0,45994.0,503.0,562.0,629.0,696429.0,658608.0,811880.0,0.055,0.0,0.0,0.0,0.0,0.0,0.0,68.98,149.44,48.26,137.26,-19.0,-1.0,62.0,-20.0,-12.0,4.0
2020-06-28,2020-06-28,2554461.0,40730.0,36844.0,41346.0,318.0,554.0,503.0,563870.0,674598.0,696429.0,0.056,0.0,0.0,0.0,0.0,0.0,0.0,68.98,119.6,43.78,103.48,-17.0,-4.0,55.0,-22.0,-12.0,3.0
2020-06-29,2020-06-29,2595744.0,41283.0,39070.0,40730.0,385.0,554.0,318.0,664210.0,694757.0,563870.0,0.057,0.0,0.0,0.0,0.0,0.0,0.0,68.98,128.91,50.28,112.78,-13.0,-3.0,46.0,-31.0,-36.0,10.0
2020-06-30,2020-06-30,2642174.0,46430.0,40374.0,41283.0,553.0,551.0,385.0,855360.0,711396.0,664210.0,0.057,0.0,0.0,0.0,0.0,0.0,0.0,68.98,131.93,49.75,115.35,-10.0,1.0,50.0,-30.0,-37.0,11.0
2020-07-01,2020-07-01,2693993.0,51819.0,41711.0,46430.0,704.0,523.0,553.0,888247.0,733296.0,855360.0,0.059,0.0,0.0,0.0,0.0,0.0,0.0,68.98,136.75,50.4,118.56,-7.0,4.0,54.0,-27.0,-37.0,10.0
2020-07-02,2020-07-02,2750622.0,56629.0,43988.0,51819.0,713.0,518.0,704.0,860513.0,750613.0,888247.0,0.06,0.0,0.0,0.0,0.0,0.0,0.0,68.98,149.09,53.41,127.19,-4.0,11.0,77.0,-24.0,-39.0,10.0
2020-07-03,2020-07-03,2801983.0,51361.0,46319.0,56629.0,670.0,544.0,713.0,800073.0,762930.0,860513.0,0.063,0.0,0.0,0.0,0.0,0.0,0.0,68.98,149.45,50.86,136.28,-10.0,11.0,86.0,-30.0,-57.0,14.0
2020-07-04,2020-07-04,2847664.0,45681.0,47085.0,51361.0,315.0,549.0,670.0,620412.0,761243.0,800073.0,0.065,0.0,0.0,0.0,0.0,0.0,0.0,68.98,118.79,45.15,118.78,-35.0,-2.0,81.0,-30.0,-28.0,5.0
2020-07-05,2020-07-05,2898432.0,50768.0,47705.0,45681.0,326.0,523.0,315.0,526947.0,750384.0,620412.0,0.066,0.0,0.0,0.0,0.0,0.0,0.0,68.98,116.58,43.61,98.93,-22.0,-10.0,53.0,-23.0,-19.0,3.0
2020-07-06,2020-07-06,2941517.0,43085.0,49139.0,50768.0,376.0,524.0,326.0,726202.0,745109.0,526947.0,0.068,0.0,0.0,0.0,0.0,0.0,0.0,68.98,129.9,50.51,112.87,-13.0,-2.0,48.0,-30.0,-41.0,11.0
2020-07-07,2020-07-07,3002171.0,60654.0,49396.0,43085.0,1162.0,522.0,376.0,902891.0,753965.0,726202.0,0.068,0.0,0.0,0.0,0.0,0.0,0.0,68.98,130.49,51.07,115.63,-13.0,0.0,51.0,-29.0,-39.0,11.0
2020-07-08,2020-07-08,3062290.0,60119.0,51428.0,60654.0,825.0,609.0,1162.0,981153.0,760755.0,902891.0,0.069,0.0,0.0,0.0,0.0,0.0,0.0,68.98,132.84,51.13,117.17,-12.0,-1.0,52.0,-30.0,-37.0,11.0
2020-07-09,2020-07-09,3124786.0,62496.0,52614.0,60119.0,1020.0,627.0,825.0,1011042.0,774027.0,981153.0,0.068,0.0,0.0,0.0,0.0,0.0,0.0,68.98,138.6,52.96,122.3,-13.0,1.0,59.0,-30.0,-38.0,11.0
2020-07-10,2020-07-10,3192841.0,68055.0,53452.0,62496.0,817.0,671.0,1020.0,1012694.0,795531.0,1011042.0,0.067,0.0,0.0,0.0,0.0,0.0,0.0,68.98,154.14,50.75,134.44,-18.0,-4.0,43.0,-31.0,-37.0,11.0
2020-07-11,2020-07-11,3252874.0,60033.0,55837.0,68055.0,728.0,692.0,817.0,839633.0,825906.0,1012694.0,0.067,0.0,0.0,0.0,0.0,0.0,0.0,68.98,149.35,50.14,137.7,-19.0,0.0,62.0,-21.0,-12.0,4.0
2020-07-12,2020-07-12,3311312.0,58438.0,57887.0,60033.0,472.0,751.0,728.0,693589.0,857223.0,839633.0,0.068,0.0,0.0,0.0,0.0,0.0,0.0,68.98,121.09,46.71,106.76,-17.0,-3.0,64.0,-23.0,-15.0,3.0
2020-07-13,2020-07-13,3370208.0,58896.0,58983.0,58438.0,445.0,771.0,472.0,867082.0,881029.0,693589.0,0.068,0.0,0.0,0.0,0.0,0.0,0.0,68.98,130.17,51.72,115.78,-13.0,-2.0,53.0,-31.0,-38.0,10.0
2020-07-14,2020-07-14,3438244.0,68036.0,61242.0,58896.0,928.0,781.0,445.0,999494.0,901155.0,867082.0,0.068,0.0,0.0,0.0,0.0,0.0,0.0,68.98,132.39,52.23,118.24,-12.0,0.0,59.0,-31.0,-38.0,11.0
2020-07-15,2020-07-15,3506364.0,68120.0,62296.0,68036.0,975.0,748.0,928.0,1032259.0,914955.0,999494.0,0.068,0.0,0.0,0.0,0.0,0.0,0.0,68.98,134.69,51.67,119.01,-12.0,-1.0,56.0,-31.0,-37.0,11.0
2020-07-16,2020-07-16,3582184.0,75820.0,63439.0,68120.0,956.0,769.0,975.0,1025909.0,922256.0,1032259.0,0.07,0.0,0.0,0.0,0.0,0.0,0.0,68.98,139.23,51.96,122.18,-13.0,0.0,62.0,-31.0,-37.0,11.0
2020-07-17,2020-07-17,3654445.0,72261.0,65343.0,75820.0,924.0,760.0,956.0,1044985.0,924380.0,1025909.0,0.071,0.0,0.0,0.0,0.0,0.0,0.0,68.98,157.18,54.4,139.59,-17.0,-3.0,54.0,-29.0,-37.0,11.0
2020-07-18,2020-07-18,3716980.0,62535.0,65943.0,72261.0,857.0,775.0,924.0,907262.0,928993.0,1044985.0,0.071,0.0,0.0,0.0,0.0,0.0,0.0,68.98,153.27,53.39,142.42,-19.0,-1.0,74.0,-21.0,-13.0,4.0
2020-07-19,2020-07-19,3777456.0,60476.0,66301.0,62535.0,480.0,794.0,857.0,714299.0,938654.0,907262.0,0.071,0.0,0.0,0.0,0.0,0.0,0.0,68.98,122.44,46.27,105.21,-17.0,-4.0,60.0,-24.0,-16.0,3.0
2020-07-20,2020-07-20,3839546.0,62090.0,66592.0,60476.0,563.0,795.0,480.0,907253.0,941613.0,714299.0,0.071,0.0,0.0,0.0,0.0,0.0,0.0,67.13,130.68,51.58,114.43,-14.0,-4.0,51.0,-32.0,-38.0,10.0
2020-07-21,2020-07-21,3904066.0,64520.0,67048.0,62090.0,1091.0,812.0,563.0,1035264.0,947352.0,907253.0,0.071,0.0,0.0,0.0,0.0,0.0,0.0,67.13,131.94,52.17,116.2,-13.0,-2.0,54.0,-32.0,-38.0,11.0
2020-07-22,2020-07-22,3974630.0,70564.0,66546.0,64520.0,1224.0,835.0,1091.0,1105569.0,952462.0,1035264.0,0.07,0.0,0.0,0.0,0.0,0.0,0.0,67.13,133.99,50.8,116.78,-13.0,-3.0,47.0,-32.0,-37.0,11.0
2020-07-23,2020-07-23,4043070.0,68440.0,66895.0,70564.0,1070.0,871.0,1224.0,1082261.0,962934.0,1105569.0,0.069,0.0,0.0,0.0,0.0,0.0,0.0,67.13,139.22,50.99,121.36,-14.0,-2.0,55.0,-31.0,-37.0,11.0
2020-07-24,2020-07-24,4116393.0,73323.0,65841.0,68440.0,1107.0,887.0,1070.0,1072062.0,970985.0,1082261.0,0.069,0.0,0.0,0.0,0.0,0.0,0.0,67.13,158.54,54.24,140.12,-17.0,-4.0,55.0,-30.0,-37.0,11.0
2020-07-25,2020-07-25,4181308.0,64915.0,65993.0,73323.0,930.0,913.0,1107.0,878730.0,974853.0,1072062.0,0.069,0.0,0.0,0.0,0.0,0.0,0.0,67.13,153.72,54.26,144.28,-19.0,-2.0,77.0,-21.0,-13.0,4.0
2020-07-26,2020-07-26,4236083.0,54775.0,66333.0,64915.0,531.0,924.0,930.0,673702.0,970777.0,878730.0,0.068,0.0,0.0,0.0,0.0,0.0,0.0,67.13,124.36,47.19,107.91,-17.0,-5.0,65.0,-24.0,-16.0,3.0
2020-07-27,2020-07-27,4292934.0,56851.0,65518.0,54775.0,1126.0,931.0,531.0,794726.0,964977.0,673702.0,0.069,0.0,0.0,0.0,0.0,0.0,0.0,67.13,131.91,52.65,115.38,-14.0,-4.0,48.0,-32.0,-38.0,10.0
2020-07-28,2020-07-28,4359391.0,66457.0,64770.0,56851.0,1330.0,1011.0,1126.0,962798.0,948902.0,794726.0,0.069,0.0,0.0,0.0,0.0,0.0,0.0,67.13,133.61,52.55,118.12,-14.0,-3.0,53.0,-32.0,-38.0,11.0
2020-07-29,2020-07-29,4431244.0,71853.0,65046.0,66457.0,1414.0,1045.0,1330.0,1036752.0,938550.0,962798.0,0.069,0.0,0.0,0.0,0.0,0.0,0.0,67.13,137.13,53.5,121.06,-13.0,-3.0,56.0,-31.0,-38.0,10.0
2020-07-30,2020-07-30,4498701.0,67457.0,65231.0,71853.0,1231.0,1073.0,1414.0,1035014.0,928719.0,1036752.0,0.068,0.0,0.0,0.0,0.0,0.0,0.0,67.13,142.2,52.93,123.68,-13.0,-2.0,56.0,-31.0,-38.0,11.0
2020-07-31,2020-07-31,4567420.0,68719.0,65090.0,67457.0,1237.0,1096.0,1231.0,986996.0,921969.0,1035014.0,0.068,0.0,0.0,0.0,0.0,0.0,0.0,67.13,158.08,55.05,139.9,-14.0,-2.0,56.0,-28.0,-37.0,10.0
2020-08-01,2020-08-01,4623604.0,56184.0,64432.0,68719.0,1093.0,1114.0,1237.0,787887.0,909817.0,986996.0,0.068,0.0,0.0,0.0,0.0,0.0,0.0,67.13,154.29,53.83,144.64,-17.0,0.0,69.0,-20.0,-14.0,4.0
2020-08-02,2020-08-02,4669149.0,45545.0,63185.0,56184.0,437.0,1137.0,1093.0,621427.0,896839.0,787887.0,0.068,0.0,0.0,0.0,0.0,0.0,0.0,67.13,121.48,45.4,106.21,-16.0,-4.0,52.0,-24.0,-17.0,3.0
2020-08-03,2020-08-03,4714678.0,45529.0,61867.0,45545.0,581.0,1124.0,437.0,774011.0,889371.0,621427.0,0.067,0.0,0.0,0.0,0.0,0.0,0.0,67.13,134.32,53.84,118.41,-12.0,-1.0,47.0,-31.0,-38.0,10.0
2020-08-04,2020-08-04,4773479.0,58801.0,60249.0,45529.0,1282.0,1046.0,581.0,878521.0,886412.0,774011.0,0.066,0.0,0.0,0.0,0.0,0.0,0.0,67.13,133.06,50.61,117.26,-13.0,-3.0,48.0,-33.0,-39.0,11.0
2020-08-05,2020-08-05,4827936.0,54457.0,59155.0,58801.0,1438.0,1039.0,1282.0,964028.0,874373.0,878521.0,0.065,0.0,0.0,0.0,0.0,0.0,0.0,67.13,139.88,55.61,125.11,-11.0,-2.0,61.0,-30.0,-37.0,10.0
2020-08-06,2020-08-06,4887293.0,59357.0,56670.0,54457.0,1244.0,1043.0,1438.0,986363.0,863983.0,964028.0,0.064,0.0,0.0,0.0,0.0,0.0,0.0,67.13,143.8,54.21,127.8,-13.0,-2.0,62.0,-30.0,-37.0,10.0
2020-08-07,2020-08-07,4946590.0,59297.0,55513.0,59357.0,1237.0,1045.0,1244.0,1013473.0,857033.0,986363.0,0.063,0.0,0.0,0.0,0.0,0.0,0.0,67.13,162.62,56.63,147.25,-15.0,-5.0,57.0,-29.0,-37.0,10.0
2020-08-08,2020-08-08,5000709.0,54119.0,54167.0,59297.0,1078.0,1045.0,1237.0,812429.0,860816.0,1013473.0,0.062,0.0,0.0,0.0,0.0,0.0,0.0,67.13,158.61,54.97,153.6,-17.0,-1.0,79.0,-20.0,-13.0,3.0
2020-08-09,2020-08-09,5046463.0,45754.0,53872.0,54119.0,523.0,1042.0,1078.0,625140.0,864322.0,812429.0,0.061,0.0,0.0,0.0,0.0,0.0,0.0,67.13,128.53,49.31,115.63,-15.0,-4.0,66.0,-22.0,-16.0,2.0
2020-08-10,2020-08-10,5094087.0,47624.0,53902.0,45754.0,636.0,1055.0,523.0,781773.0,864852.0,625140.0,0.06,0.0,0.0,0.0,0.0,0.0,0.0,67.13,135.2,54.76,122.06,-14.0,-5.0,47.0,-32.0,-38.0,9.0
2020-08-11,2020-08-11,5142088.0,48001.0,54201.0,47624.0,1020.0,1063.0,636.0,906728.0,865961.0,781773.0,0.061,0.0,0.0,0.0,0.0,0.0,0.0,67.13,137.21,54.79,124.94,-13.0,-3.0,57.0,-31.0,-38.0,10.0
2020-08-12,2020-08-12,5198137.0,56049.0,52658.0,48001.0,1499.0,1025.0,1020.0,1024791.0,869991.0,906728.0,0.061,0.0,0.0,0.0,0.0,0.0,0.0,67.13,138.94,53.73,125.7,-13.0,-4.0,51.0,-32.0,-37.0,10.0
2020-08-13,2020-08-13,5249451.0,51314.0,52886.0,56049.0,1067.0,1034.0,1499.0,978289.0,878671.0,1024791.0,0.061,0.0,0.0,0.0,0.0,0.0,0.0,67.13,143.67,53.7,130.28,-14.0,-3.0,53.0,-31.0,-37.0,10.0
2020-08-14,2020-08-14,5314791.0,65340.0,51737.0,51314.0,1336.0,1009.0,1067.0,957566.0,877518.0,978289.0,0.06,0.0,0.0,0.0,0.0,0.0,0.0,67.13,165.07,59.62,154.03,-16.0,-5.0,53.0,-29.0,-37.0,10.0
2020-08-15,2020-08-15,5361712.0,46921.0,52600.0,65340.0,1000.0,1023.0,1336.0,766302.0,869531.0,957566.0,0.061,0.0,0.0,0.0,0.0,0.0,0.0,67.13,159.87,56.78,158.62,-18.0,-2.0,67.0,-21.0,-14.0,3.0
2020-08-16,2020-08-16,5400904.0,39192.0,51572.0,46921.0,617.0,1012.0,1000.0,569435.0,862941.0,766302.0,0.06,0.0,0.0,0.0,0.0,0.0,0.0,67.13,126.74,46.39,115.99,-16.0,-5.0,48.0,-24.0,-17.0,3.0
2020-08-17,2020-08-17,5437580.0,36676.0,50634.0,39192.0,492.0,1025.0,617.0,676233.0,854983.0,569435.0,0.061,0.0,0.0,0.0,0.0,0.0,0.0,67.13,134.52,56.09,128.92,-15.0,-6.0,42.0,-32.0,-38.0,9.0
2020-08-18,2020-08-18,5482614.0,45034.0,49070.0,36676.0,1226.0,1004.0,492.0,894762.0,839906.0,676233.0,0.058,0.0,0.0,0.0,0.0,0.0,0.0,67.13,135.89,56.83,131.87,-14.0,-4.0,50.0,-32.0,-36.0,10.0
2020-08-19,2020-08-19,5529973.0,47359.0,48647.0,45034.0,1339.0,1034.0,1226.0,1000736.0,838197.0,894762.0,0.057,0.0,0.0,0.0,0.0,0.0,0.0,67.13,137.41,55.07,131.25,-14.0,-5.0,44.0,-32.0,-36.0,10.0
2020-08-20,2020-08-20,5574013.0,44040.0,47405.0,47359.0,1103.0,1011.0,1339.0,993209.0,834760.0,1000736.0,0.055,0.0,0.0,0.0,0.0,0.0,0.0,67.13,143.09,57.74,137.98,-14.0,-4.0,53.0,-31.0,-36.0,10.0
2020-08-21,2020-08-21,5622842.0,48829.0,46366.0,44040.0,1091.0,1016.0,1103.0,961896.0,836892.0,993209.0,0.054,0.0,0.0,0.0,0.0,0.0,0.0,67.13,163.39,61.49,160.3,-16.0,-6.0,48.0,-29.0,-36.0,9.0
2020-08-22,2020-08-22,5665887.0,43045.0,44007.0,48829.0,909.0,981.0,1091.0,791665.0,837510.0,961896.0,0.052,0.0,0.0,0.0,0.0,0.0,0.0,67.13,157.51,58.4,163.89,-17.0,-2.0,66.0,-21.0,-12.0,3.0
2020-08-23,2020-08-23,5700119.0,34232.0,43454.0,43045.0,545.0,968.0,909.0,560778.0,841134.0,791665.0,0.051,0.0,0.0,0.0,0.0,0.0,0.0,67.13,124.19,50.37,119.45,-16.0,-5.0,50.0,-23.0,-15.0,3.0
2020-08-24,2020-08-24,5736641.0,36522.0,42745.0,34232.0,473.0,958.0,545.0,663112.0,839897.0,560778.0,0.051,0.0,0.0,0.0,0.0,0.0,0.0,67.13,128.51,56.47,126.93,-16.0,-7.0,32.0,-33.0,-36.0,10.0
2020-08-25,2020-08-25,5777001.0,40360.0,42723.0,36522.0,1236.0,955.0,473.0,902637.0,838023.0,663112.0,0.05,0.0,0.0,0.0,0.0,0.0,0.0,67.13,130.7,56.19,127.67,-15.0,-4.0,37.0,-33.0,-37.0,10.0
2020-08-26,2020-08-26,5822167.0,45166.0,42055.0,40360.0,1166.0,957.0,1236.0,1014981.0,839148.0,902637.0,0.05,0.0,0.0,0.0,0.0,0.0,0.0,67.13,132.61,56.41,129.85,-14.0,-5.0,42.0,-32.0,-35.0,10.0
2020-08-27,2020-08-27,5867547.0,45380.0,41742.0,45166.0,1114.0,932.0,1166.0,1013823.0,841183.0,1014981.0,0.051,0.0,0.0,0.0,0.0,0.0,0.0,67.13,135.13,54.95,129.74,-16.0,-6.0,41.0,-32.0,-36.0,10.0
2020-08-28,2020-08-28,5914395.0,46848.0,41933.0,45380.0,977.0,933.0,1114.0,984152.0,844127.0,1013823.0,0.05,0.0,0.0,0.0,0.0,0.0,0.0,67.13,156.49,59.96,153.02,-17.0,-8.0,37.0,-30.0,-35.0,9.0
2020-08-29,2020-08-29,5957126.0,42731.0,41650.0,46848.0,901.0,917.0,977.0,798179.0,847307.0,984152.0,0.05,0.0,0.0,0.0,0.0,0.0,0.0,67.13,149.24,54.18,154.28,-17.0,-4.0,49.0,-23.0,-13.0,4.0
2020-08-30,2020-08-30,5991507.0,34381.0,41606.0,42731.0,453.0,916.0,901.0,613615.0,848237.0,798179.0,0.049,0.0,0.0,0.0,0.0,0.0,0.0,67.13,121.1,51.09,116.88,-15.0,-6.0,59.0,-22.0,-15.0,2.0
2020-08-31,2020-08-31,6026895.0,35388.0,41627.0,34381.0,542.0,903.0,453.0,661932.0,855786.0,613615.0,0.049,0.0,0.0,0.0,0.0,0.0,0.0,67.13,125.67,54.35,119.62,-15.0,-7.0,30.0,-32.0,-35.0,9.0
2020-09-01,2020-09-01,6068759.0,41864.0,41465.0,35388.0,1030.0,913.0,542.0,904830.0,855617.0,661932.0,0.05,0.0,0.0,0.0,0.0,0.0,0.0,67.13,129.49,54.75,124.29,-12.0,-2.0,36.0,-31.0,-36.0,9.0
2020-09-02,2020-09-02,6109773.0,41014.0,41680.0,41864.0,1079.0,883.0,1030.0,1020801.0,855930.0,904830.0,0.049,0.0,0.0,0.0,0.0,0.0,0.0,67.13,131.27,54.99,124.44,-13.0,-5.0,35.0,-32.0,-35.0,9.0
2020-09-03,2020-09-03,6153983.0,44210.0,41087.0,41014.0,1037.0,871.0,1079.0,1031810.0,856762.0,1020801.0,0.048,0.0,0.0,0.0,0.0,0.0,0.0,67.13,140.99,57.23,131.04,-11.0,-1.0,45.0,-28.0,-35.0,8.0
2020-09-04,2020-09-04,6204376.0,50393.0,40919.0,44210.0,958.0,860.0,1037.0,994855.0,859331.0,1031810.0,0.049,0.0,0.0,0.0,0.0,0.0,0.0,67.13,170.75,64.45,161.42,-13.0,-2.0,55.0,-25.0,-36.0,8.0
2020-09-05,2020-09-05,6247464.0,43088.0,41426.0,50393.0,762.0,857.0,958.0,814161.0,860860.0,994855.0,0.049,0.0,0.0,0.0,0.0,0.0,0.0,67.13,160.05,60.8,171.28,-15.0,0.0,81.0,-18.0,-17.0,2.0
2020-09-06,2020-09-06,6278633.0,31169.0,41477.0,43088.0,469.0,837.0,762.0,564527.0,863143.0,814161.0,0.049,0.0,0.0,0.0,0.0,0.0,0.0,67.13,131.51,52.07,135.75,-13.0,-3.0,81.0,-24.0,-18.0,1.0
2020-09-07,2020-09-07,6302200.0,23567.0,41018.0,31169.0,295.0,840.0,469.0,413884.0,856131.0,564527.0,0.05,0.0,0.0,0.0,0.0,0.0,0.0,67.13,125.23,52.81,113.0,-16.0,-7.0,75.0,-40.0,-71.0,16.0
2020-09-08,2020-09-08,6329593.0,27393.0,39329.0,23567.0,453.0,804.0,295.0,661493.0,820695.0,413884.0,0.048,0.0,0.0,0.0,0.0,0.0,0.0,67.13,127.71,55.33,117.13,-16.0,-5.0,24.0,-31.0,-37.0,9.0
2020-09-09,2020-09-09,6363650.0,34057.0,37262.0,27393.0,1160.0,722.0,453.0,953183.0,785933.0,661493.0,0.048,0.0,0.0,0.0,0.0,0.0,0.0,67.13,128.06,54.31,117.26,-16.0,-7.0,24.0,-32.0,-35.0,9.0
2020-09-10,2020-09-10,6399723.0,36073.0,36268.0,34057.0,916.0,733.0,1160.0,1084159.0,776273.0,953183.0,0.046,0.0,0.0,0.0,0.0,0.0,0.0,67.13,133.04,53.05,120.4,-16.0,-6.0,27.0,-32.0,-35.0,9.0
2020-09-11,2020-09-11,6447501.0,47778.0,35106.0,36073.0,1174.0,716.0,916.0,1096530.0,783752.0,1084159.0,0.044,0.0,0.0,0.0,0.0,0.0,0.0,67.13,156.09,60.76,149.31,-17.0,-8.0,35.0,-30.0,-33.0,8.0
2020-09-12,2020-09-12,6488563.0,41062.0,34732.0,47778.0,702.0,747.0,1174.0,864681.0,798277.0,1096530.0,0.043,0.0,0.0,0.0,0.0,0.0,0.0,62.5,153.74,59.0,158.49,-16.0,-4.0,50.0,-22.0,-12.0,3.0
2020-09-13,2020-09-13,6522914.0,34351.0,34443.0,41062.0,435.0,738.0,702.0,624446.0,805494.0,864681.0,0.043,0.0,0.0,0.0,0.0,0.0,0.0,62.5,116.36,48.57,109.4,-16.0,-6.0,38.0,-25.0,-15.0,3.0
2020-09-14,2020-09-14,6557342.0,34428.0,34897.0,34351.0,431.0,734.0,435.0,706333.0,814054.0,624446.0,0.042,0.0,0.0,0.0,0.0,0.0,0.0,62.5,124.61,53.93,115.04,-16.0,-7.0,30.0,-33.0,-32.0,8.0
2020-09-15,2020-09-15,6596849.0,39507.0,36449.0,34428.0,1200.0,753.0,431.0,963718.0,855832.0,706333.0,0.042,0.0,0.0,0.0,0.0,0.0,0.0,62.5,126.96,53.65,117.76,-14.0,-5.0,36.0,-32.0,-33.0,9.0
2020-09-16,2020-09-16,6635867.0,39018.0,38179.0,39507.0,956.0,860.0,1200.0,1134683.0,899007.0,963718.0,0.042,0.0,0.0,0.0,0.0,0.0,0.0,62.5,129.2,55.96,121.13,-15.0,-8.0,36.0,-32.0,-33.0,9.0
2020-09-17,2020-09-17,6681004.0,45137.0,38888.0,39018.0,861.0,831.0,956.0,1152052.0,924936.0,1134683.0,0.042,0.0,0.0,0.0,0.0,0.0,0.0,62.5,134.37,58.8,125.1,-16.0,-7.0,34.0,-32.0,-33.0,9.0
2020-09-18,2020-09-18,6730288.0,49284.0,40183.0,45137.0,896.0,823.0,861.0,1223716.0,934635.0,1152052.0,0.042,0.0,0.0,0.0,0.0,0.0,0.0,62.5,159.07,64.19,153.53,-15.0,-7.0,35.0,-30.0,-32.0,8.0
2020-09-19,2020-09-19,6772447.0,42159.0,40398.0,49284.0,732.0,783.0,896.0,934704.0,952804.0,1223716.0,0.042,0.0,0.0,0.0,0.0,0.0,0.0,62.5,157.73,64.36,167.31,-13.0,-2.0,62.0,-21.0,-11.0,2.0
2020-09-20,2020-09-20,6810862.0,38415.0,40555.0,42159.0,265.0,787.0,732.0,621537.0,962807.0,934704.0,0.042,0.0,0.0,0.0,0.0,0.0,0.0,62.5,117.62,53.23,112.5,-14.0,-6.0,46.0,-24.0,-14.0,2.0
2020-09-21,2020-09-21,6862834.0,51972.0,41135.0,38415.0,427.0,763.0,265.0,749193.0,962392.0,621537.0,0.043,0.0,0.0,0.0,0.0,0.0,0.0,62.5,119.61,55.81,111.83,-16.0,-8.0,25.0,-33.0,-33.0,9.0
2020-09-22,2020-09-22,6902696.0,39862.0,43642.0,51972.0,1032.0,762.0,427.0,1024346.0,968515.0,749193.0,0.044,0.0,0.0,0.0,0.0,0.0,0.0,62.5,121.24,55.76,114.71,-15.0,-6.0,28.0,-34.0,-33.0,9.0
2020-09-23,2020-09-23,6941758.0,39062.0,43692.0,39862.0,1056.0,738.0,1032.0,1198475.0,977176.0,1024346.0,0.044,0.0,0.0,0.0,0.0,0.0,0.0,62.5,124.19,56.62,117.62,-15.0,-7.0,27.0,-33.0,-32.0,9.0
2020-09-24,2020-09-24,6988869.0,47111.0,43699.0,39062.0,897.0,753.0,1056.0,1198444.0,986289.0,1198475.0,0.044,0.0,0.0,0.0,0.0,0.0,0.0,62.5,129.45,57.08,121.53,-16.0,-7.0,25.0,-33.0,-32.0,9.0
2020-09-25,2020-09-25,7037151.0,48282.0,43981.0,47111.0,944.0,758.0,897.0,1127323.0,992916.0,1198444.0,0.045,0.0,0.0,0.0,0.0,0.0,0.0,62.5,154.7,64.61,152.17,-16.0,-8.0,25.0,-31.0,-31.0,8.0
2020-09-26,2020-09-26,7081803.0,44652.0,43838.0,48282.0,768.0,765.0,944.0,936052.0,979146.0,1127323.0,0.045,0.0,0.0,0.0,0.0,0.0,0.0,62.5,153.19,64.15,166.75,-15.0,-3.0,52.0,-23.0,-10.0,2.0
2020-09-27,2020-09-27,7119311.0,37508.0,44194.0,44652.0,315.0,770.0,768.0,596286.0,979339.0,936052.0,0.045,0.0,0.0,0.0,0.0,0.0,0.0,62.5,115.83,52.27,111.27,-15.0,-7.0,35.0,-25.0,-13.0,2.0
2020-09-28,2020-09-28,7152546.0,33235.0,44064.0,37508.0,358.0,777.0,315.0,667427.0,975731.0,596286.0,0.045,0.0,0.0,0.0,0.0,0.0,0.0,62.5,117.74,55.51,110.03,-17.0,-8.0,12.0,-35.0,-32.0,9.0
2020-09-29,2020-09-29,7195994.0,43448.0,41387.0,33235.0,833.0,767.0,358.0,981865.0,964050.0,667427.0,0.044,0.0,0.0,0.0,0.0,0.0,0.0,62.5,117.9,53.24,108.89,-16.0,-7.0,11.0,-35.0,-32.0,9.0
2020-09-30,2020-09-30,7235428.0,39434.0,41900.0,43448.0,958.0,739.0,833.0,1200324.0,957982.0,981865.0,0.045,0.0,0.0,0.0,0.0,0.0,0.0,62.5,121.62,54.76,113.44,-14.0,-5.0,17.0,-33.0,-32.0,8.0
2020-10-01,2020-10-01,7281081.0,45653.0,41953.0,39434.0,873.0,725.0,958.0,1221071.0,958246.0,1200324.0,0.045,0.0,0.0,0.0,0.0,0.0,0.0,62.5,128.39,57.09,119.18,-13.0,-2.0,21.0,-31.0,-30.0,8.0
2020-10-02,2020-10-02,7336043.0,54962.0,41745.0,45653.0,860.0,721.0,873.0,1192467.0,961478.0,1221071.0,0.044,0.0,0.0,0.0,0.0,0.0,0.0,62.5,150.06,62.4,145.55,-14.0,-5.0,18.0,-29.0,-30.0,8.0
2020-10-03,2020-10-03,7384578.0,48535.0,42699.0,54962.0,683.0,709.0,860.0,975225.0,970785.0,1192467.0,0.045,0.0,0.0,0.0,0.0,0.0,0.0,62.5,150.31,62.49,160.02,-13.0,-1.0,42.0,-20.0,-11.0,2.0
2020-10-04,2020-10-04,7420293.0,35715.0,43254.0,48535.0,381.0,697.0,683.0,639736.0,976381.0,975225.0,0.044,0.0,0.0,0.0,0.0,0.0,0.0,62.5,112.48,50.61,106.9,-14.0,-5.0,25.0,-24.0,-14.0,2.0
2020-10-05,2020-10-05,7459742.0,39449.0,42997.0,35715.0,481.0,707.0,381.0,805543.0,982588.0,639736.0,0.044,0.0,0.0,0.0,0.0,0.0,0.0,62.5,116.7,54.6,108.0,-15.0,-5.0,15.0,-32.0,-32.0,8.0
2020-10-06,2020-10-06,7504998.0,45256.0,43885.0,39449.0,686.0,724.0,481.0,1227436.0,1002319.0,805543.0,0.043,0.0,0.0,0.0,0.0,0.0,0.0,62.5,119.01,54.89,111.18,-15.0,-4.0,25.0,-32.0,-32.0,8.0
2020-10-07,2020-10-07,7556060.0,51062.0,44143.0,45256.0,927.0,703.0,686.0,1412174.0,1037400.0,1227436.0,0.043,0.0,0.0,0.0,0.0,0.0,0.0,62.5,121.63,55.21,113.11,-15.0,-6.0,24.0,-33.0,-31.0,8.0
2020-10-08,2020-10-08,7614653.0,58593.0,45805.0,51062.0,989.0,699.0,927.0,1428578.0,1067665.0,1412174.0,0.043,0.0,0.0,0.0,0.0,0.0,0.0,62.5,128.64,57.15,118.9,-15.0,-5.0,29.0,-31.0,-31.0,9.0
2020-10-09,2020-10-09,7671034.0,56381.0,47653.0,58593.0,968.0,715.0,989.0,1397077.0,1097308.0,1428578.0,0.043,0.0,0.0,0.0,0.0,0.0,0.0,62.5,152.98,64.12,149.3,-16.0,-7.0,30.0,-29.0,-31.0,8.0
2020-10-10,2020-10-10,7725952.0,54918.0,47856.0,56381.0,658.0,731.0,968.0,1100009.0,1126538.0,1397077.0,0.043,0.0,0.0,0.0,0.0,0.0,0.0,62.5,150.65,64.03,162.58,-16.0,-4.0,46.0,-22.0,-11.0,3.0
2020-10-11,2020-10-11,7771893.0,45941.0,48768.0,54918.0,471.0,727.0,658.0,745712.0,1144365.0,1100009.0,0.043,0.0,0.0,0.0,0.0,0.0,0.0,62.5,114.02,51.12,110.55,-16.0,-7.0,25.0,-25.0,-14.0,3.0
2020-10-12,2020-10-12,7813735.0,41842.0,50229.0,45941.0,394.0,740.0,471.0,810294.0,1159504.0,745712.0,0.044,0.0,0.0,0.0,0.0,0.0,0.0,62.5,116.68,51.71,106.12,-17.0,-9.0,9.0,-36.0,-37.0,10.0
2020-10-13,2020-10-13,7865983.0,52248.0,50570.0,41842.0,796.0,728.0,394.0,1062362.0,1160183.0,810294.0,0.046,0.0,0.0,0.0,0.0,0.0,0.0,66.2,117.18,53.13,108.71,-17.0,-6.0,18.0,-33.0,-32.0,9.0
2020-10-14,2020-10-14,7925748.0,59765.0,51569.0,52248.0,990.0,743.0,796.0,1227460.0,1136601.0,1062362.0,0.048,0.0,0.0,0.0,0.0,0.0,0.0,66.2,122.01,55.96,114.36,-14.0,-6.0,25.0,-31.0,-30.0,9.0
2020-10-15,2020-10-15,7990636.0,64888.0,52813.0,59765.0,849.0,752.0,990.0,1294966.0,1110213.0,1227460.0,0.05,0.0,0.0,0.0,0.0,0.0,0.0,66.2,128.43,57.01,119.86,-15.0,-5.0,23.0,-30.0,-31.0,9.0
2020-10-16,2020-10-16,8059782.0,69146.0,53712.0,64888.0,937.0,732.0,849.0,1324082.0,1091126.0,1294966.0,0.051,0.0,0.0,0.0,0.0,0.0,0.0,66.2,150.21,59.0,143.31,-17.0,-8.0,8.0,-30.0,-31.0,9.0
2020-10-17,2020-10-17,8116518.0,56736.0,55535.0,69146.0,762.0,728.0,937.0,1109316.0,1080698.0,1324082.0,0.052,0.0,0.0,0.0,0.0,0.0,0.0,66.2,151.68,63.3,163.54,-14.0,-3.0,41.0,-20.0,-11.0,3.0
2020-10-18,2020-10-18,8165858.0,49340.0,55795.0,56736.0,493.0,743.0,762.0,765490.0,1082027.0,1109316.0,0.052,0.0,0.0,0.0,0.0,0.0,0.0,66.2,113.08,51.03,107.28,-16.0,-7.0,18.0,-23.0,-14.0,3.0
2020-10-19,2020-10-19,8233610.0,67752.0,56281.0,49340.0,479.0,746.0,493.0,869145.0,1084853.0,765490.0,0.053,0.0,0.0,0.0,0.0,0.0,0.0,66.2,114.39,54.02,105.32,-18.0,-9.0,4.0,-33.0,-31.0,9.0
2020-10-20,2020-10-20,8295581.0,61971.0,59982.0,67752.0,923.0,758.0,479.0,1268147.0,1093260.0,869145.0,0.053,0.0,0.0,0.0,0.0,0.0,0.0,66.2,116.13,53.81,107.55,-17.0,-7.0,10.0,-32.0,-31.0,9.0
2020-10-21,2020-10-21,8358864.0,63283.0,61371.0,61971.0,1121.0,776.0,923.0,1469391.0,1122658.0,1268147.0,0.052,0.0,0.0,0.0,0.0,0.0,0.0,66.2,119.08,54.34,110.65,-16.0,-7.0,13.0,-32.0,-30.0,9.0
2020-10-22,2020-10-22,8435164.0,76300.0,61874.0,63283.0,915.0,795.0,1121.0,1527623.0,1157220.0,1469391.0,0.052,0.0,0.0,0.0,0.0,0.0,0.0,66.2,125.35,55.79,116.88,-16.0,-6.0,20.0,-31.0,-30.0,9.0
2020-10-23,2020-10-23,8517113.0,81949.0,63504.0,76300.0,967.0,804.0,915.0,1460176.0,1190456.0,1527623.0,0.053,0.0,0.0,0.0,0.0,0.0,0.0,66.2,148.12,62.51,144.2,-17.0,-8.0,10.0,-30.0,-30.0,9.0
2020-10-24,2020-10-24,8599842.0,82729.0,65333.0,81949.0,951.0,809.0,967.0,1176157.0,1209898.0,1460176.0,0.056,0.0,0.0,0.0,0.0,0.0,0.0,66.2,146.65,61.97,157.14,-16.0,-4.0,28.0,-23.0,-10.0,3.0
2020-10-25,2020-10-25,8661982.0,62140.0,69046.0,82729.0,462.0,836.0,951.0,790535.0,1219447.0,1176157.0,0.057,0.0,0.0,0.0,0.0,0.0,0.0,66.2,106.15,48.25,99.41,-18.0,-8.0,1.0,-27.0,-15.0,4.0
2020-10-26,2020-10-26,8729385.0,67403.0,70875.0,62140.0,533.0,831.0,462.0,950426.0,1223025.0,790535.0,0.058,0.0,0.0,0.0,0.0,0.0,0.0,62.5,110.9,52.09,100.7,-19.0,-9.0,-9.0,-34.0,-31.0,10.0
2020-10-27,2020-10-27,8806228.0,76843.0,70825.0,67403.0,973.0,839.0,533.0,1334042.0,1234636.0,950426.0,0.059,0.0,0.0,0.0,0.0,0.0,0.0,62.5,113.63,52.61,105.01,-17.0,-7.0,1.0,-33.0,-31.0,10.0
2020-10-28,2020-10-28,8885632.0,79404.0,72950.0,76843.0,1035.0,846.0,973.0,1490289.0,1244050.0,1334042.0,0.061,0.0,0.0,0.0,0.0,0.0,0.0,62.5,114.15,52.22,105.54,-16.0,-7.0,-2.0,-34.0,-30.0,10.0
2020-10-29,2020-10-29,8976684.0,91052.0,75253.0,79404.0,1004.0,834.0,1035.0,1472791.0,1247035.0,1490289.0,0.063,0.0,0.0,0.0,0.0,0.0,0.0,62.5,120.94,51.74,110.67,-17.0,-7.0,-6.0,-35.0,-31.0,10.0
2020-10-30,2020-10-30,9075924.0,99240.0,77360.0,91052.0,1061.0,846.0,1004.0,1503987.0,1239202.0,1472791.0,0.065,0.0,0.0,0.0,0.0,0.0,0.0,62.5,146.3,59.27,143.08,-14.0,-4.0,1.0,-32.0,-30.0,8.0
2020-10-31,2020-10-31,9165619.0,89695.0,79830.0,99240.0,910.0,860.0,1061.0,1217521.0,1245461.0,1503987.0,0.065,0.0,0.0,0.0,0.0,0.0,0.0,62.5,137.83,59.26,164.97,-16.0,2.0,27.0,-23.0,-10.0,3.0
2020-11-01,2020-11-01,9270467.0,104848.0,80825.0,89695.0,496.0,854.0,910.0,894805.0,1251370.0,1217521.0,0.066,0.0,0.0,0.0,0.0,0.0,0.0,62.5,97.87,45.48,95.19,-18.0,-9.0,-5.0,-29.0,-15.0,4.0
2020-11-02,2020-11-02,9355775.0,85308.0,86926.0,104848.0,572.0,859.0,496.0,1014345.0,1266266.0,894805.0,0.068,0.0,0.0,0.0,0.0,0.0,0.0,62.5,108.11,51.83,101.63,-17.0,-7.0,-6.0,-35.0,-31.0,9.0
2020-11-03,2020-11-03,9482891.0,127116.0,89484.0,85308.0,1578.0,864.0,572.0,1361440.0,1275397.0,1014345.0,0.07,0.0,0.0,0.0,0.0,0.0,0.0,62.5,110.46,49.18,110.14,-11.0,-2.0,14.0,-34.0,-33.0,9.0
2020-11-04,2020-11-04,9587499.0,104608.0,96666.0,127116.0,1115.0,951.0,1578.0,1624074.0,1279311.0,1361440.0,0.072,0.0,0.0,0.0,0.0,0.0,0.0,62.5,102.97,48.13,98.31,-18.0,-10.0,4.0,-36.0,-30.0,10.0
2020-11-05,2020-11-05,9716853.0,129354.0,100267.0,104608.0,1155.0,962.0,1115.0,1686108.0,1298423.0,1624074.0,0.073,0.0,0.0,0.0,0.0,0.0,0.0,62.5,110.36,51.92,105.75,-18.0,-8.0,7.0,-34.0,-30.0,10.0
2020-11-06,2020-11-06,9844858.0,128005.0,105738.0,129354.0,1239.0,984.0,1155.0,1666431.0,1328897.0,1686108.0,0.076,0.0,0.0,0.0,0.0,0.0,0.0,62.5,131.16,58.04,131.59,-18.0,-10.0,6.0,-33.0,-29.0,9.0
2020-11-07,2020-11-07,9972308.0,127450.0,109848.0,128005.0,1081.0,1009.0,1239.0,1447567.0,1352103.0,1666431.0,0.075,0.0,0.0,0.0,0.0,0.0,0.0,62.5,125.75,57.0,142.52,-16.0,-6.0,23.0,-27.0,-10.0,4.0
2020-11-08,2020-11-08,10087380.0,115072.0,115241.0,127450.0,571.0,1034.0,1081.0,1003362.0,1384967.0,1447567.0,0.077,0.0,0.0,0.0,0.0,0.0,0.0,62.5,95.35,47.52,96.07,-17.0,-9.0,13.0,-29.0,-14.0,4.0
2020-11-09,2020-11-09,10207953.0,120573.0,116702.0,115072.0,779.0,1044.0,571.0,1217746.0,1400475.0,1003362.0,0.079,0.0,0.0,0.0,0.0,0.0,0.0,65.28,101.65,51.27,97.66,-19.0,-9.0,-3.0,-36.0,-31.0,10.0
2020-11-10,2020-11-10,10348449.0,140496.0,121740.0,120573.0,1418.0,1074.0,779.0,1530401.0,1429533.0,1217746.0,0.083,0.0,0.0,0.0,0.0,0.0,0.0,65.28,105.5,52.11,101.75,-18.0,-7.0,-2.0,-35.0,-31.0,10.0
2020-11-11,2020-11-11,10495075.0,146626.0,123651.0,140496.0,1436.0,1051.0,1418.0,1772083.0,1453670.0,1530401.0,0.086,0.0,0.0,0.0,0.0,0.0,0.0,65.28,107.34,50.07,102.81,-15.0,-8.0,-10.0,-39.0,-38.0,12.0
2020-11-12,2020-11-12,10659914.0,164839.0,129654.0,146626.0,1204.0,1097.0,1436.0,1839676.0,1474814.0,1772083.0,0.088,0.0,0.0,0.0,0.0,0.0,0.0,65.28,100.69,47.64,94.65,-20.0,-9.0,-12.0,-37.0,-32.0,11.0
2020-11-13,2020-11-13,10840303.0,180389.0,134723.0,164839.0,1200.0,1104.0,1204.0,1894397.0,1496752.0,1839676.0,0.09,0.0,0.0,0.0,0.0,0.0,0.0,65.28,128.33,55.51,127.06,-19.0,-9.0,-11.0,-35.0,-30.0,11.0
2020-11-14,2020-11-14,11008064.0,167761.0,142206.0,180389.0,1347.0,1098.0,1200.0,1593830.0,1529319.0,1894397.0,0.095,0.0,0.0,0.0,0.0,0.0,0.0,65.28,123.16,55.98,135.28,-18.0,-6.0,2.0,-29.0,-10.0,5.0
2020-11-15,2020-11-15,11144288.0,136224.0,147965.0,167761.0,776.0,1136.0,1347.0,1194391.0,1550214.0,1593830.0,0.097,0.0,0.0,0.0,0.0,0.0,0.0,65.28,91.11,44.24,89.35,-19.0,-9.0,-8.0,-32.0,-15.0,5.0
2020-11-16,2020-11-16,11307233.0,162945.0,150987.0,136224.0,829.0,1166.0,776.0,1483767.0,1577503.0,1194391.0,0.097,0.0,0.0,0.0,0.0,0.0,0.0,75.46,100.8,49.55,95.06,-20.0,-8.0,-10.0,-37.0,-31.0,10.0
2020-11-17,2020-11-17,11471155.0,163922.0,157040.0,162945.0,1721.0,1173.0,829.0,1894925.0,1615506.0,1483767.0,0.096,0.0,0.0,0.0,0.0,0.0,0.0,75.46,102.13,48.61,96.18,-20.0,-7.0,-12.0,-37.0,-32.0,11.0
2020-11-18,2020-11-18,11644332.0,173177.0,160387.0,163922.0,1918.0,1216.0,1721.0,2091305.0,1667581.0,1894925.0,0.095,0.0,0.0,0.0,0.0,0.0,0.0,75.46,104.08,48.25,98.12,-19.0,-7.0,-13.0,-37.0,-32.0,11.0
2020-11-19,2020-11-19,11835880.0,191548.0,164180.0,173177.0,2052.0,1285.0,1918.0,2069754.0,1713184.0,2091305.0,0.095,0.0,0.0,0.0,0.0,0.0,0.0,75.46,108.6,49.4,103.12,-19.0,-6.0,-6.0,-36.0,-31.0,11.0
2020-11-20,2020-11-20,12034177.0,198297.0,167995.0,191548.0,1957.0,1406.0,2052.0,2140308.0,1746053.0,2069754.0,0.095,0.0,0.0,0.0,0.0,0.0,0.0,75.46,128.81,55.06,124.99,-20.0,-8.0,-5.0,-33.0,-30.0,11.0
2020-11-21,2020-11-21,12213451.0,179274.0,170553.0,198297.0,1619.0,1514.0,1957.0,1847918.0,1781183.0,2140308.0,0.094,0.0,0.0,0.0,0.0,0.0,0.0,75.46,121.05,52.99,125.29,-20.0,-4.0,4.0,-26.0,-10.0,5.0
2020-11-22,2020-11-22,12360235.0,146784.0,172198.0,179274.0,1032.0,1553.0,1619.0,1418307.0,1817481.0,1847918.0,0.093,0.0,0.0,0.0,0.0,0.0,0.0,75.46,90.61,42.93,87.52,-20.0,-7.0,-13.0,-32.0,-14.0,5.0
2020-11-23,2020-11-23,12534684.0,174449.0,173707.0,146784.0,1100.0,1590.0,1032.0,1671192.0,1849469.0,1418307.0,0.092,0.0,0.0,0.0,0.0,0.0,0.0,75.46,107.57,48.8,101.05,-16.0,-2.0,-12.0,-37.0,-35.0,11.0
2020-11-24,2020-11-24,12710198.0,175514.0,175350.0,174449.0,2129.0,1628.0,1100.0,1953762.0,1876244.0,1671192.0,0.093,0.0,0.0,0.0,0.0,0.0,0.0,75.46,114.18,49.36,106.4,-12.0,6.0,-9.0,-33.0,-36.0,11.0
2020-11-25,2020-11-25,12893485.0,183287.0,177006.0,175514.0,2263.0,1687.0,2129.0,2210734.0,1884649.0,1953762.0,0.093,0.0,0.0,0.0,0.0,0.0,0.0,75.46,121.64,47.84,113.46,-3.0,23.0,-7.0,-30.0,-40.0,10.0
2020-11-26,2020-11-26,13005807.0,112322.0,178450.0,183287.0,1385.0,1736.0,2263.0,1503995.0,1901711.0,2210734.0,0.095,0.0,0.0,0.0,0.0,0.0,0.0,75.46,62.38,30.77,55.4,-70.0,-30.0,-13.0,-60.0,-81.0,23.0
2020-11-27,2020-11-27,13213995.0,208188.0,167132.0,112322.0,1549.0,1641.0,1385.0,1503181.0,1820888.0,1503995.0,0.097,0.0,0.0,0.0,0.0,0.0,0.0,75.46,104.52,45.26,106.87,-26.0,-20.0,2.0,-47.0,-60.0,19.0
2020-11-28,2020-11-28,13369528.0,155533.0,168545.0,208188.0,1360.0,1582.0,1549.0,1338407.0,1729870.0,1503181.0,0.099,0.0,0.0,0.0,0.0,0.0,0.0,75.46,106.77,45.9,110.18,-26.0,-15.0,-1.0,-32.0,-18.0,7.0
2020-11-29,2020-11-29,13509762.0,140234.0,165154.0,155533.0,1036.0,1545.0,1360.0,1147560.0,1657083.0,1338407.0,0.1,0.0,0.0,0.0,0.0,0.0,0.0,75.46,88.64,41.53,81.82,-23.0,-15.0,-12.0,-28.0,-16.0,6.0
2020-11-30,2020-11-30,13670332.0,160570.0,164218.0,140234.0,1346.0,1546.0,1036.0,1466237.0,1618404.0,1147560.0,0.102,0.0,0.0,0.0,0.0,0.0,0.0,75.46,97.53,44.56,92.73,-21.0,-12.0,-27.0,-39.0,-34.0,12.0
2020-12-01,2020-12-01,13858551.0,188219.0,162235.0,160570.0,2544.0,1581.0,1346.0,1839018.0,1589125.0,1466237.0,0.104,0.0,0.0,0.0,0.0,0.0,0.0,75.46,100.1,46.4,98.8,-18.0,-5.0,-18.0,-36.0,-33.0,11.0
2020-12-02,2020-12-02,14061108.0,202557.0,164050.0,188219.0,2812.0,1640.0,2544.0,2089909.0,1572733.0,1839018.0,0.107,0.0,0.0,0.0,0.0,0.0,0.0,71.76,100.81,45.86,100.78,-19.0,-8.0,-16.0,-38.0,-32.0,11.0
2020-12-03,2020-12-03,14284721.0,223613.0,166803.0,202557.0,2953.0,1719.0,2812.0,2160683.0,1555472.0,2089909.0,0.107,0.0,0.0,0.0,0.0,0.0,0.0,71.76,104.28,46.5,103.98,-18.0,-5.0,-13.0,-37.0,-32.0,11.0
2020-12-04,2020-12-04,14517506.0,232785.0,182702.0,223613.0,2699.0,1943.0,2953.0,2118444.0,1649285.0,2160683.0,0.106,0.0,0.0,0.0,0.0,0.0,0.0,71.76,120.35,49.09,122.57,-20.0,-9.0,-17.0,-38.0,-30.0,12.0
2020-12-05,2020-12-05,14733048.0,215542.0,186216.0,232785.0,2353.0,2107.0,2699.0,1684680.0,1737180.0,2118444.0,0.108,0.0,0.0,0.0,0.0,0.0,0.0,71.76,114.71,46.73,123.17,-20.0,-6.0,-9.0,-33.0,-9.0,6.0
2020-12-06,2020-12-06,14914060.0,181012.0,194789.0,215542.0,1346.0,2249.0,2353.0,1291401.0,1786647.0,1684680.0,0.11,0.0,0.0,0.0,0.0,0.0,0.0,71.76,86.37,41.51,86.02,-20.0,-9.0,-14.0,-35.0,-14.0,5.0
2020-12-07,2020-12-07,15108918.0,194858.0,200614.0,181012.0,1604.0,2293.0,1346.0,1540603.0,1807196.0,1291401.0,0.112,0.0,0.0,0.0,0.0,0.0,0.0,71.76,97.61,45.86,96.21,-21.0,-9.0,-22.0,-40.0,-33.0,11.0
2020-12-08,2020-12-08,15333410.0,224492.0,205512.0,194858.0,2619.0,2330.0,1604.0,1909271.0,1817820.0,1540603.0,0.114,0.0,0.0,0.0,0.0,0.0,0.0,71.76,100.01,45.09,99.52,-20.0,-8.0,-18.0,-40.0,-32.0,11.0
2020-12-09,2020-12-09,15555949.0,222539.0,210694.0,224492.0,3182.0,2341.0,2619.0,2115759.0,1827856.0,1909271.0,0.115,0.0,0.0,0.0,0.0,0.0,0.0,71.76,102.71,45.32,102.41,-19.0,-8.0,-12.0,-39.0,-32.0,11.0
2020-12-10,2020-12-10,15787464.0,231515.0,213549.0,222539.0,2995.0,2394.0,3182.0,2173141.0,1831549.0,2115759.0,0.114,0.0,0.0,0.0,0.0,0.0,0.0,71.76,106.53,46.45,106.52,-19.0,-6.0,-9.0,-38.0,-32.0,11.0
2020-12-11,2020-12-11,16027441.0,239977.0,214678.0,231515.0,3417.0,2400.0,2995.0,2048369.0,1833328.0,2173141.0,0.117,0.0,0.0,0.0,0.0,0.0,0.0,71.76,122.74,50.52,125.07,-21.0,-9.0,-16.0,-38.0,-31.0,12.0
2020-12-12,2020-12-12,16245026.0,217585.0,215705.0,239977.0,2459.0,2502.0,3417.0,1717811.0,1823318.0,2048369.0,0.117,0.0,0.0,0.0,0.0,0.0,0.0,71.76,117.18,48.55,127.03,-20.0,-5.0,-11.0,-32.0,-10.0,6.0
2020-12-13,2020-12-13,16432729.0,187703.0,215997.0,217585.0,1626.0,2517.0,2459.0,1242647.0,1828051.0,1717811.0,0.118,0.0,0.0,0.0,0.0,0.0,0.0,71.76,87.44,42.28,88.48,-21.0,-8.0,-16.0,-35.0,-15.0,6.0
2020-12-14,2020-12-14,16627550.0,194821.0,216953.0,187703.0,1650.0,2557.0,1626.0,1506096.0,1821086.0,1242647.0,0.119,0.0,0.0,0.0,0.0,0.0,0.0,71.76,99.71,44.87,97.77,-20.0,-8.0,-28.0,-41.0,-33.0,11.0
2020-12-15,2020-12-15,16836556.0,209006.0,216947.0,194821.0,3117.0,2564.0,1650.0,1940538.0,1816156.0,1506096.0,0.116,0.0,0.0,0.0,0.0,0.0,0.0,71.76,104.88,45.9,103.4,-17.0,-2.0,-21.0,-38.0,-33.0,11.0
2020-12-16,2020-12-16,17083256.0,246700.0,214735.0,209006.0,3664.0,2635.0,3117.0,2065357.0,1820623.0,1940538.0,0.119,0.0,0.0,0.0,0.0,0.0,0.0,71.76,102.26,42.08,100.93,-20.0,-6.0,-27.0,-41.0,-34.0,13.0
2020-12-17,2020-12-17,17322981.0,239725.0,218187.0,246700.0,3499.0,2704.0,3664.0,2039321.0,1813423.0,2065357.0,0.123,0.0,0.0,0.0,0.0,0.0,0.0,71.76,103.84,42.29,100.81,-22.0,-9.0,-24.0,-43.0,-37.0,14.0
2020-12-18,2020-12-18,17574950.0,251969.0,219360.0,239725.0,2965.0,2776.0,3499.0,2010455.0,1794306.0,2039321.0,0.122,0.0,0.0,0.0,0.0,0.0,0.0,71.76,127.75,49.87,125.28,-19.0,-7.0,-22.0,-36.0,-32.0,12.0
2020-12-19,2020-12-19,17766856.0,191906.0,221073.0,251969.0,2653.0,2711.0,2965.0,1697077.0,1788889.0,2010455.0,0.121,0.0,0.0,0.0,0.0,0.0,0.0,71.76,120.29,47.87,124.66,-18.0,-2.0,-16.0,-25.0,-10.0,6.0
2020-12-20,2020-12-20,17954675.0,187819.0,217404.0,191906.0,1714.0,2739.0,2653.0,1269622.0,1785927.0,1697077.0,0.122,556208.0,0.0,556208.0,0.0,0.0,0.0,71.76,93.06,40.83,91.15,-17.0,-4.0,-19.0,-29.0,-13.0,5.0
2020-12-21,2020-12-21,18153724.0,199049.0,217421.0,187819.0,1916.0,2752.0,1714.0,1519334.0,1789781.0,1269622.0,0.121,614117.0,556208.0,614117.0,556208.0,0.0,0.0,71.76,115.88,48.72,114.12,-8.0,3.0,-9.0,-35.0,-37.0,10.0
2020-12-22,2020-12-22,18351735.0,198011.0,218025.0,199049.0,3399.0,2790.0,1916.0,1983022.0,1791672.0,1519334.0,0.12,614118.0,614117.0,614118.0,614117.0,0.0,0.0,71.76,120.31,48.69,116.69,-5.0,10.0,-6.0,-33.0,-38.0,10.0
2020-12-23,2020-12-23,18581353.0,229618.0,216454.0,198011.0,3424.0,2830.0,3399.0,2260088.0,1797741.0,1983022.0,0.118,1008025.0,614118.0,1008025.0,614118.0,0.0,0.0,71.76,126.5,48.28,119.09,2.0,24.0,-8.0,-30.0,-40.0,10.0
2020-12-24,2020-12-24,18775557.0,194204.0,214014.0,229618.0,2906.0,2796.0,3424.0,1881964.0,1825560.0,2260088.0,0.115,1008025.0,1008025.0,1008025.0,1008025.0,0.0,0.0,71.76,92.91,36.49,90.97,-16.0,27.0,-21.0,-43.0,-61.0,16.0
2020-12-25,2020-12-25,18873203.0,97646.0,207511.0,194204.0,1425.0,2711.0,2906.0,1071567.0,1803080.0,1881964.0,0.116,1008025.0,1008025.0,1008025.0,1008025.0,0.0,0.0,71.76,52.44,25.4,45.95,-82.0,-61.0,-38.0,-67.0,-83.0,27.0
2020-12-26,2020-12-26,19099491.0,226288.0,185465.0,97646.0,1884.0,2491.0,1425.0,981112.0,1668953.0,1071567.0,0.121,1944585.0,1008025.0,1944585.0,1008025.0,0.0,0.0,71.76,96.62,39.93,92.19,-31.0,-18.0,-21.0,-37.0,-26.0,9.0
2020-12-27,2020-12-27,19255126.0,155635.0,190376.0,226288.0,1427.0,2381.0,1884.0,935201.0,1566673.0,981112.0,0.121,1944585.0,1944585.0,1944585.0,1944585.0,0.0,0.0,71.76,88.86,39.8,83.0,-27.0,-18.0,-12.0,-31.0,-18.0,7.0
2020-12-28,2020-12-28,19429760.0,174634.0,185779.0,155635.0,2003.0,2340.0,1427.0,1283260.0,1518898.0,935201.0,0.123,2127143.0,1944585.0,2127143.0,1944585.0,0.0,0.0,71.76,106.73,47.42,100.75,-17.0,-9.0,-12.0,-40.0,-44.0,14.0
2020-12-29,2020-12-29,19630012.0,200252.0,182291.0,174634.0,3631.0,2353.0,2003.0,1853438.0,1485173.0,1283260.0,0.125,2127143.0,2127143.0,2127143.0,2127143.0,0.0,0.0,71.76,109.79,47.72,105.19,-17.0,-6.0,-8.0,-39.0,-45.0,14.0
2020-12-30,2020-12-30,19863696.0,233684.0,182611.0,200252.0,3731.0,2386.0,3631.0,2181847.0,1466661.0,1853438.0,0.126,2794588.0,2127143.0,2794588.0,2127143.0,0.0,0.0,71.76,114.74,47.57,111.11,-13.0,0.0,-11.0,-37.0,-44.0,14.0
2020-12-31,2020-12-31,20099363.0,235667.0,183192.0,233684.0,3480.0,2430.0,3731.0,1919571.0,1455484.0,2181847.0,0.129,2794588.0,2794588.0,2794588.0,2794588.0,0.0,0.0,71.76,112.31,42.86,118.81,-9.0,19.0,-12.0,-42.0,-52.0,15.0
2021-01-01,2021-01-01,20252991.0,153628.0,189115.0,235667.0,2149.0,2512.0,3480.0,1237190.0,1460857.0,1919571.0,0.131,2794588.0,2794588.0,2794588.0,2794588.0,0.0,0.0,71.76,81.93,35.03,84.44,-47.0,-37.0,-21.0,-62.0,-75.0,27.0
2021-01-02,2021-01-02,20553301.0,300310.0,197113.0,153628.0,2507.0,2615.0,2149.0,1105262.0,1484517.0,1237190.0,0.138,4225756.0,2794588.0,4225756.0,2794588.0,0.0,0.0,71.76,107.32,44.6,108.18,-26.0,-13.0,-14.0,-33.0,-21.0,9.0
2021-01-03,2021-01-03,20762047.0,208746.0,207687.0,300310.0,1447.0,2704.0,2507.0,1037001.0,1502253.0,1105262.0,0.143,4225756.0,4225756.0,4225756.0,4225756.0,0.0,0.0,71.76,86.1,39.0,79.59,-27.0,-16.0,-24.0,-33.0,-17.0,7.0
2021-01-04,2021-01-04,20946329.0,184282.0,215274.0,208746.0,2092.0,2707.0,1447.0,1390769.0,1516796.0,1037001.0,0.141,4563260.0,4225756.0,4563260.0,4225756.0,0.0,0.0,71.76,100.3,47.16,96.24,-19.0,-8.0,-23.0,-39.0,-34.0,12.0
2021-01-05,2021-01-05,21181440.0,235111.0,216653.0,184282.0,3714.0,2720.0,2092.0,1943970.0,1532154.0,1390769.0,0.143,4836469.0,4563260.0,4836469.0,4563260.0,0.0,0.0,71.76,103.7,48.86,98.02,-20.0,-6.0,-20.0,-39.0,-34.0,12.0
2021-01-06,2021-01-06,21436884.0,255444.0,221633.0,235111.0,3926.0,2731.0,3714.0,2311965.0,1545087.0,1943970.0,0.142,5306797.0,4836469.0,5306797.0,4836469.0,0.0,0.0,71.76,98.92,44.67,95.92,-22.0,-11.0,-22.0,-41.0,-33.0,13.0
2021-01-07,2021-01-07,21715174.0,278290.0,224741.0,255444.0,3985.0,2759.0,3926.0,2248557.0,1563675.0,2311965.0,0.143,5919418.0,5306797.0,5919418.0,5306797.0,0.0,0.0,71.76,101.26,44.93,95.99,-24.0,-10.0,-22.0,-41.0,-33.0,13.0
2021-01-08,2021-01-08,22010389.0,295215.0,230830.0,278290.0,4107.0,2831.0,3985.0,2141875.0,1610673.0,2248557.0,0.143,6688231.0,5919418.0,6688231.0,5919418.0,0.0,0.0,71.76,114.55,47.34,110.16,-26.0,-14.0,-29.0,-42.0,-32.0,13.0
2021-01-09,2021-01-09,22271084.0,260695.0,251057.0,295215.0,3321.0,3111.0,4107.0,1708216.0,1739914.0,2141875.0,0.134,6688231.0,6688231.0,6688231.0,6688231.0,0.0,0.0,71.76,112.23,46.2,113.46,-23.0,-9.0,-20.0,-35.0,-12.0,8.0
2021-01-10,2021-01-10,22484332.0,213248.0,245398.0,260695.0,1999.0,3227.0,3321.0,1158844.0,1826050.0,1708216.0,0.133,6688231.0,6688231.0,6688231.0,6688231.0,0.0,0.0,71.76,84.67,40.39,81.72,-26.0,-13.0,-22.0,-38.0,-17.0,7.0
2021-01-11,2021-01-11,22699326.0,214994.0,246041.0,213248.0,2103.0,3306.0,1999.0,1509017.0,1843457.0,1158844.0,0.134,8987322.0,6688231.0,8987322.0,6688231.0,0.0,0.0,71.76,96.17,45.66,90.58,-25.0,-12.0,-28.0,-42.0,-33.0,12.0
2021-01-12,2021-01-12,22926246.0,226920.0,250428.0,214994.0,4474.0,3308.0,2103.0,2010401.0,1860349.0,1509017.0,0.132,9327138.0,8987322.0,9327138.0,8987322.0,0.0,0.0,71.76,98.77,46.16,92.73,-23.0,-10.0,-22.0,-41.0,-33.0,12.0
2021-01-13,2021-01-13,23156608.0,230362.0,249258.0,226920.0,4029.0,3416.0,4474.0,2090451.0,1869839.0,2010401.0,0.133,10278462.0,9327138.0,9327139.0,9327138.0,0.0,0.0,71.76,100.81,46.32,95.61,-23.0,-12.0,-18.0,-41.0,-33.0,12.0
2021-01-14,2021-01-14,23392315.0,235707.0,245675.0,230362.0,3986.0,3431.0,4029.0,2057129.0,1838194.0,2090451.0,0.13,11148991.0,10278462.0,9690757.0,9327139.0,1342086.0,0.0,71.76,104.11,46.95,98.48,-25.0,-13.0,-17.0,-41.0,-33.0,12.0
2021-01-15,2021-01-15,23635046.0,242731.0,239592.0,235707.0,3892.0,3431.0,3986.0,2023845.0,1810848.0,2057129.0,0.126,12279180.0,11148991.0,10595866.0,9690757.0,1610524.0,1342086.0,71.76,120.88,49.97,116.29,-27.0,-16.0,-25.0,-41.0,-33.0,13.0
2021-01-16,2021-01-16,23836726.0,201680.0,232094.0,242731.0,3404.0,3401.0,3892.0,1576122.0,1793986.0,2023845.0,0.125,12279180.0,12279180.0,10595866.0,10595866.0,1610524.0,1610524.0,71.76,116.8,48.72,122.71,-25.0,-12.0,-14.0,-36.0,-14.0,7.0
2021-01-17,2021-01-17,24014508.0,177782.0,223663.0,201680.0,1897.0,3412.0,3404.0,1062247.0,1775116.0,1576122.0,0.123,12279180.0,12279180.0,10595866.0,10595866.0,1610524.0,1610524.0,71.76,93.0,43.31,94.35,-25.0,-15.0,-11.0,-38.0,-18.0,6.0
2021-01-18,2021-01-18,24157924.0,143416.0,218597.0,177782.0,1535.0,3398.0,1897.0,1282828.0,1761316.0,1062247.0,0.121,12279180.0,12279180.0,10595866.0,10595866.0,1610524.0,1610524.0,71.76,103.91,47.84,97.72,-22.0,-14.0,-8.0,-44.0,-46.0,14.0
2021-01-19,2021-01-19,24334630.0,176706.0,208371.0,143416.0,2732.0,3317.0,1535.0,1792248.0,1729003.0,1282828.0,0.117,15707588.0,12279180.0,13595803.0,10595866.0,2023124.0,1610524.0,71.76,98.65,46.92,93.18,-26.0,-12.0,-23.0,-42.0,-34.0,12.0
2021-01-20,2021-01-20,24517866.0,183236.0,201198.0,176706.0,4408.0,3068.0,2732.0,2114301.0,1697839.0,1792248.0,0.114,16525281.0,15707588.0,14270441.0,13595803.0,2161419.0,2023124.0,71.76,97.07,45.07,92.27,-26.0,-16.0,-22.0,-43.0,-33.0,12.0
2021-01-21,2021-01-21,24711684.0,193818.0,194465.0,183236.0,4204.0,3122.0,4408.0,2034795.0,1701246.0,2114301.0,0.111,17546374.0,16525281.0,15053257.0,14270441.0,2394961.0,2161419.0,71.76,102.25,47.2,96.0,-26.0,-13.0,-19.0,-42.0,-32.0,12.0
2021-01-22,2021-01-22,24902437.0,190753.0,188481.0,193818.0,3845.0,3153.0,4204.0,1905202.0,1698055.0,2034795.0,0.108,19107959.0,17546374.0,16243093.0,15053257.0,2756953.0,2394961.0,71.76,118.44,50.43,114.38,-26.0,-14.0,-25.0,-41.0,-31.0,12.0
2021-01-23,2021-01-23,25073050.0,170613.0,181056.0,190753.0,3345.0,3146.0,3845.0,1538017.0,1681106.0,1905202.0,0.104,20537990.0,19107959.0,17390345.0,16243093.0,3027865.0,2756953.0,71.76,115.27,47.84,118.63,-25.0,-12.0,-19.0,-38.0,-13.0,7.0
2021-01-24,2021-01-24,25204112.0,131062.0,176618.0,170613.0,1899.0,3138.0,3345.0,997190.0,1675663.0,1538017.0,0.101,21848655.0,20537990.0,18502131.0,17390345.0,3216836.0,3027865.0,71.76,86.01,41.25,82.42,-28.0,-16.0,-28.0,-40.0,-17.0,7.0
2021-01-25,2021-01-25,25356081.0,151969.0,169943.0,131062.0,1973.0,3138.0,1899.0,1226647.0,1666369.0,997190.0,0.1,22734243.0,21848655.0,19252279.0,18502131.0,3346390.0,3216836.0,71.76,95.39,46.38,88.48,-28.0,-16.0,-31.0,-44.0,-33.0,12.0
2021-01-26,2021-01-26,25503621.0,147540.0,171165.0,151969.0,4007.0,3201.0,1973.0,1769035.0,1658343.0,1226647.0,0.1,23540994.0,22734243.0,19902237.0,19252279.0,3481921.0,3346390.0,71.76,96.64,45.1,89.33,-28.0,-17.0,-27.0,-44.0,-35.0,13.0
2021-01-27,2021-01-27,25657566.0,153945.0,166999.0,147540.0,3960.0,3383.0,4007.0,2052521.0,1655027.0,1769035.0,0.098,24652634.0,23540994.0,20687970.0,19902237.0,3801053.0,3481921.0,71.76,98.89,46.22,91.58,-25.0,-15.0,-27.0,-42.0,-33.0,12.0
2021-01-28,2021-01-28,25826176.0,168610.0,162814.0,153945.0,4037.0,3319.0,3960.0,1898019.0,1646201.0,2052521.0,0.097,26193682.0,24652634.0,21698606.0,20687970.0,4263056.0,3801053.0,71.76,102.49,45.96,94.4,-26.0,-14.0,-27.0,-42.0,-32.0,12.0
2021-01-29,2021-01-29,25992744.0,166568.0,159213.0,168610.0,3634.0,3295.0,4037.0,1826116.0,1626662.0,1898019.0,0.094,27884661.0,26193682.0,22858318.0,21698606.0,4780888.0,4263056.0,71.76,120.33,48.05,113.83,-25.0,-15.0,-29.0,-42.0,-31.0,12.0
2021-01-30,2021-01-30,26135056.0,142312.0,155758.0,166568.0,2786.0,3265.0,3634.0,1426675.0,1615364.0,1826116.0,0.093,29577902.0,27884661.0,24064165.0,22858318.0,5259693.0,4780888.0,71.76,118.74,48.49,122.52,-22.0,-8.0,-15.0,-36.0,-12.0,6.0
2021-01-31,2021-01-31,26247053.0,111997.0,151715.0,142312.0,1851.0,3185.0,2786.0,944268.0,1599458.0,1426675.0,0.091,31123299.0,29577902.0,25201143.0,24064165.0,5657142.0,5259693.0,71.76,86.29,40.46,82.91,-27.0,-16.0,-22.0,-39.0,-18.0,7.0
2021-02-01,2021-02-01,26382255.0,135202.0,148992.0,111997.0,2067.0,3178.0,1851.0,1031082.0,1591897.0,944268.0,0.092,32222402.0,31123299.0,26023153.0,25201143.0,5927847.0,5657142.0,71.76,90.25,41.83,82.97,-29.0,-19.0,-33.0,-49.0,-37.0,14.0
2021-02-02,2021-02-02,26497588.0,115333.0,146596.0,135202.0,3429.0,3192.0,2067.0,1628183.0,1563959.0,1031082.0,0.09,32780860.0,32222402.0,26440836.0,26023153.0,6064792.0,5927847.0,71.76,94.96,45.05,87.95,-26.0,-15.0,-25.0,-45.0,-36.0,13.0
2021-02-03,2021-02-03,26619229.0,121641.0,141995.0,115333.0,3906.0,3109.0,3429.0,1862592.0,1543838.0,1628183.0,0.089,33878254.0,32780860.0,27154956.0,26440836.0,6436931.0,6064792.0,68.06,102.29,48.83,95.05,-20.0,-9.0,-20.0,-40.0,-31.0,11.0
2021-02-04,2021-02-04,26743204.0,123975.0,137380.0,121641.0,3736.0,3101.0,3906.0,1925013.0,1516705.0,1862592.0,0.085,35203710.0,33878254.0,27905197.0,27154956.0,6926050.0,6436931.0,68.06,105.21,49.55,98.17,-23.0,-11.0,-21.0,-40.0,-32.0,11.0
2021-02-05,2021-02-05,26877601.0,134397.0,131004.0,123975.0,3688.0,3058.0,3736.0,1823540.0,1520561.0,1925013.0,0.083,36819212.0,35203710.0,28909497.0,27905197.0,7503864.0,6926050.0,68.06,123.19,53.52,119.41,-24.0,-13.0,-24.0,-39.0,-30.0,11.0
2021-02-06,2021-02-06,26981588.0,103987.0,126408.0,134397.0,2641.0,3066.0,3688.0,1331065.0,1520193.0,1823540.0,0.08,39037964.0,36819212.0,30250964.0,28909497.0,8317180.0,7503864.0,68.06,120.33,52.53,126.94,-21.0,-6.0,-16.0,-34.0,-11.0,6.0
2021-02-07,2021-02-07,27071236.0,89648.0,120933.0,103987.0,1436.0,3045.0,2641.0,828185.0,1506535.0,1331065.0,0.078,41210937.0,39037964.0,31579100.0,30250964.0,9147185.0,8317180.0,68.06,82.98,39.78,82.96,-31.0,-14.0,-30.0,-42.0,-17.0,6.0
2021-02-08,2021-02-08,27161551.0,90315.0,117740.0,89648.0,1617.0,2986.0,1436.0,1037791.0,1489951.0,828185.0,0.074,42417617.0,41210937.0,32340146.0,31579100.0,9518015.0,9147185.0,68.06,98.13,48.52,90.12,-26.0,-15.0,-26.0,-41.0,-33.0,11.0
2021-02-09,2021-02-09,27257183.0,95632.0,111328.0,90315.0,3074.0,2922.0,1617.0,1683462.0,1490910.0,1037791.0,0.071,43206190.0,42417617.0,32867213.0,32340146.0,9840429.0,9518015.0,68.06,99.92,47.89,91.66,-25.0,-12.0,-24.0,-41.0,-33.0,12.0
2021-02-10,2021-02-10,27352360.0,95177.0,108514.0,95632.0,3310.0,2871.0,3074.0,1628637.0,1498807.0,1683462.0,0.071,44769970.0,43206190.0,33783384.0,32867213.0,10469514.0,9840429.0,68.06,103.65,49.43,95.35,-22.0,-10.0,-22.0,-40.0,-32.0,11.0
2021-02-11,2021-02-11,27458120.0,105760.0,104733.0,95177.0,3207.0,2786.0,3310.0,1411865.0,1465385.0,1628637.0,0.072,46390270.0,44769970.0,34723964.0,33783384.0,11188782.0,10469514.0,68.06,104.81,49.54,95.99,-26.0,-12.0,-31.0,-41.0,-34.0,13.0
2021-02-12,2021-02-12,27557758.0,99638.0,102131.0,105760.0,2929.0,2710.0,3207.0,1406031.0,1392078.0,1411865.0,0.072,48410558.0,46390270.0,35834855.0,34723964.0,12085830.0,11188782.0,68.06,126.4,56.58,123.39,-24.0,-10.0,-32.0,-39.0,-33.0,13.0
2021-02-13,2021-02-13,27644880.0,87122.0,97165.0,99638.0,2198.0,2602.0,2929.0,1084872.0,1332434.0,1406031.0,0.071,50641884.0,48410558.0,37056122.0,35834855.0,13082172.0,12085830.0,68.06,119.22,54.9,133.54,-23.0,-4.0,-31.0,-36.0,-15.0,8.0
2021-02-14,2021-02-14,27709901.0,65021.0,94756.0,87122.0,1161.0,2539.0,2198.0,662543.0,1297263.0,1084872.0,0.07,52884356.0,50641884.0,38292270.0,37056122.0,14077440.0,13082172.0,68.06,93.96,49.04,107.05,-24.0,-10.0,-31.0,-39.0,-20.0,7.0
2021-02-15,2021-02-15,27764087.0,54186.0,91238.0,65021.0,958.0,2499.0,1161.0,795711.0,1273600.0,662543.0,0.069,52884357.0,52884356.0,38292271.0,38292270.0,14077441.0,14077440.0,68.06,83.52,47.32,83.13,-34.0,-21.0,-32.0,-49.0,-52.0,18.0
2021-02-16,2021-02-16,27826806.0,62719.0,86077.0,54186.0,1748.0,2405.0,958.0,1244770.0,1239017.0,795711.0,0.068,55220364.0,52884357.0,39670551.0,38292271.0,15015434.0,14077441.0,68.06,88.17,49.23,86.95,-33.0,-17.0,-30.0,-45.0,-45.0,16.0
2021-02-17,2021-02-17,27896924.0,70118.0,81375.0,62719.0,2405.0,2216.0,1748.0,1470167.0,1176347.0,1244770.0,0.066,56281827.0,55220364.0,40268009.0,39670551.0,15471536.0,15015434.0,68.06,95.97,50.21,91.63,-27.0,-11.0,-27.0,-42.0,-39.0,13.0
2021-02-18,2021-02-18,27966848.0,69924.0,77795.0,70118.0,2519.0,2087.0,2405.0,1405886.0,1153708.0,1470167.0,0.062,57737767.0,56281827.0,41021049.0,40268009.0,16162358.0,15471536.0,68.06,91.77,45.7,86.66,-33.0,-19.0,-32.0,-46.0,-42.0,17.0
2021-02-19,2021-02-19,28046145.0,79297.0,72675.0,69924.0,2631.0,1988.0,2519.0,1344200.0,1152854.0,1405886.0,0.06,59585043.0,57737767.0,41977401.0,41021049.0,17039118.0,16162358.0,68.06,116.35,53.32,112.71,-26.0,-15.0,-32.0,-42.0,-35.0,14.0
2021-02-20,2021-02-20,28117670.0,71525.0,69770.0,79297.0,1818.0,1946.0,2631.0,1054422.0,1144021.0,1344200.0,0.057,61289500.0,59585043.0,42809595.0,41977401.0,17895667.0,17039118.0,68.06,122.13,54.18,129.86,-19.0,-8.0,-10.0,-31.0,-10.0,6.0
2021-02-21,2021-02-21,28174750.0,57080.0,67541.0,71525.0,1247.0,1891.0,1818.0,681723.0,1139671.0,1054422.0,0.056,63090634.0,61289500.0,43628092.0,42809595.0,18865319.0,17895667.0,68.06,95.52,46.15,93.56,-19.0,-11.0,-12.0,-32.0,-13.0,5.0
2021-02-22,2021-02-22,28230970.0,56220.0,66407.0,57080.0,1323.0,1904.0,1247.0,1028623.0,1142411.0,681723.0,0.054,64177474.0,63090634.0,44138118.0,43628092.0,19438495.0,18865319.0,68.06,102.91,49.31,93.78,-22.0,-13.0,-22.0,-39.0,-31.0,11.0
2021-02-23,2021-02-23,28303233.0,72263.0,66698.0,56220.0,2274.0,1956.0,1323.0,1628978.0,1175684.0,1028623.0,0.053,65032083.0,64177474.0,44544969.0,44138118.0,19882544.0,19438495.0,68.06,108.89,51.59,100.94,-18.0,-8.0,-8.0,-36.0,-31.0,10.0
2021-02-24,2021-02-24,28377965.0,74732.0,68061.0,72263.0,3178.0,2031.0,2274.0,1672232.0,1230571.0,1628978.0,0.053,66464947.0,65032083.0,45237143.0,44544969.0,20607261.0,19882544.0,68.06,112.57,53.65,105.6,-15.0,-8.0,-4.0,-35.0,-30.0,10.0
2021-02-25,2021-02-25,28455466.0,77501.0,68720.0,74732.0,2446.0,2141.0,3178.0,1593431.0,1259438.0,1672232.0,0.052,68274117.0,66464947.0,46074392.0,45237143.0,21555117.0,20607261.0,68.06,115.88,53.6,108.02,-17.0,-9.0,-10.0,-35.0,-30.0,10.0
2021-02-26,2021-02-26,28532812.0,77346.0,69803.0,77501.0,2068.0,2131.0,2446.0,1456442.0,1286230.0,1593431.0,0.052,70454064.0,68274117.0,47184199.0,46074392.0,22613359.0,21555117.0,68.06,135.74,58.86,132.05,-18.0,-11.0,-16.0,-34.0,-29.0,10.0
2021-02-27,2021-02-27,28597387.0,64575.0,69524.0,77346.0,1515.0,2051.0,2068.0,1065904.0,1302264.0,1456442.0,0.052,72806180.0,70454064.0,48435536.0,47184199.0,23698627.0,22613359.0,68.06,134.52,56.62,145.44,-15.0,-6.0,-1.0,-28.0,-10.0,5.0
2021-02-28,2021-02-28,28648744.0,51357.0,68531.0,64575.0,1094.0,2007.0,1515.0,625484.0,1303905.0,1065904.0,0.051,75236003.0,72806180.0,49772180.0,48435536.0,24779920.0,23698627.0,68.06,101.84,46.94,99.03,-16.0,-10.0,-9.0,-29.0,-13.0,4.0
2021-03-01,2021-03-01,28706973.0,58229.0,67713.0,51357.0,1519.0,1985.0,1094.0,977639.0,1295871.0,625484.0,0.051,76899987.0,75236003.0,50732997.0,49772180.0,25466405.0,24779920.0,68.06,107.73,52.3,100.43,-17.0,-9.0,-18.0,-36.0,-30.0,9.0
2021-03-02,2021-03-02,28764033.0,57060.0,68000.0,58229.0,1950.0,2013.0,1519.0,1592858.0,1288587.0,977639.0,0.05,78631601.0,76899987.0,51755447.0,50732997.0,26162122.0,25466405.0,68.06,110.9,52.34,101.67,-16.0,-7.0,-12.0,-36.0,-30.0,10.0
2021-03-03,2021-03-03,28831226.0,67193.0,65829.0,57060.0,2491.0,1967.0,1950.0,1713294.0,1283427.0,1592858.0,0.048,80540474.0,78631601.0,52855579.0,51755447.0,26957804.0,26162122.0,68.06,114.73,54.33,107.38,-12.0,-4.0,-1.0,-34.0,-30.0,9.0
2021-03-04,2021-03-04,28899277.0,68051.0,64752.0,67193.0,1938.0,1869.0,2491.0,1530461.0,1289293.0,1713294.0,0.048,82572848.0,80540474.0,54035670.0,52855579.0,27795980.0,26957804.0,64.35,119.48,54.39,110.63,-15.0,-6.0,-4.0,-34.0,-30.0,9.0
2021-03-05,2021-03-05,28965728.0,66451.0,63402.0,68051.0,1785.0,1796.0,1938.0,1413051.0,1280297.0,1530461.0,0.047,85008094.0,82572848.0,55547697.0,54035670.0,28701201.0,27795980.0,64.35,140.95,60.55,136.69,-16.0,-8.0,-10.0,-33.0,-29.0,9.0
2021-03-06,2021-03-06,29023931.0,58203.0,61845.0,66451.0,1506.0,1756.0,1785.0,1057557.0,1274099.0,1413051.0,0.046,87912323.0,85008094.0,57358849.0,55547697.0,29776160.0,28701201.0,64.35,140.19,59.55,151.45,-13.0,-4.0,7.0,-26.0,-11.0,4.0
2021-03-07,2021-03-07,29064938.0,41007.0,60935.0,58203.0,698.0,1755.0,1506.0,603501.0,1272906.0,1057557.0,0.045,90351750.0,87912323.0,58873710.0,57358849.0,30686881.0,29776160.0,64.35,107.73,49.88,107.34,-12.0,-6.0,9.0,-26.0,-13.0,3.0
2021-03-08,2021-03-08,29109974.0,45036.0,59456.0,41007.0,740.0,1698.0,698.0,963540.0,1269766.0,603501.0,0.044,92089852.0,90351750.0,60005231.0,58873710.0,31493040.0,30686881.0,64.35,112.11,53.92,105.35,-16.0,-7.0,-1.0,-35.0,-31.0,9.0
2021-03-09,2021-03-09,29167616.0,57642.0,57572.0,45036.0,1807.0,1587.0,740.0,1523749.0,1267752.0,963540.0,0.045,93692598.0,92089852.0,61088527.0,60005231.0,32102061.0,31493040.0,64.35,115.39,55.75,109.71,-14.0,-5.0,9.0,-34.0,-31.0,9.0
2021-03-10,2021-03-10,29225536.0,57920.0,57655.0,57642.0,1571.0,1566.0,1807.0,1589512.0,1257879.0,1523749.0,0.044,95721290.0,93692598.0,62451150.0,61088527.0,32904161.0,32102061.0,64.35,117.46,55.1,110.39,-13.0,-6.0,2.0,-34.0,-30.0,9.0
2021-03-11,2021-03-11,29288010.0,62474.0,56330.0,57920.0,1567.0,1435.0,1571.0,1480664.0,1240196.0,1589512.0,0.044,98203893.0,95721290.0,64071674.0,62451150.0,33863127.0,32904161.0,64.35,123.82,58.09,118.39,-14.0,-5.0,7.0,-32.0,-30.0,9.0
2021-03-12,2021-03-12,29349533.0,61523.0,55533.0,62474.0,1570.0,1382.0,1567.0,1384816.0,1233082.0,1480664.0,0.044,101128005.0,98203893.0,65965305.0,64071674.0,35000159.0,33863127.0,64.35,123.82,58.09,118.39,-14.0,-7.0,2.0,-30.0,-30.0,9.0
2021-03-13,2021-03-13,29402465.0,52932.0,54829.0,61523.0,996.0,1351.0,1570.0,1017438.0,1229048.0,1384816.0,0.043,105703501.0,101128005.0,68884011.0,65965305.0,36929777.0,35000159.0,64.35,144.76,63.02,162.62,-10.0,-2.0,16.0,-21.0,-11.0,3.0
2021-03-14,2021-03-14,29440686.0,38221.0,54076.0,52932.0,580.0,1278.0,996.0,575733.0,1223317.0,1017438.0,0.043,107060274.0,105703501.0,69784210.0,68884011.0,37459269.0,36929777.0,64.35,110.41,51.1,110.85,-11.0,-7.0,1.0,-24.0,-15.0,4.0
2021-03-15,2021-03-15,29497352.0,56666.0,53678.0,38221.0,756.0,1262.0,580.0,933331.0,1219350.0,575733.0,0.044,109081860.0,107060274.0,71054445.0,69784210.0,38335432.0,37459269.0,64.35,117.02,54.79,109.75,-14.0,-7.0,-11.0,-34.0,-33.0,10.0
2021-03-16,2021-03-16,29551309.0,53957.0,55340.0,56666.0,1177.0,1264.0,756.0,1478344.0,1215035.0,933331.0,0.044,110737856.0,109081860.0,72135616.0,71054445.0,39042345.0,38335432.0,64.35,121.29,55.82,113.88,-11.0,-3.0,-2.0,-32.0,-32.0,9.0
2021-03-17,2021-03-17,29610445.0,59136.0,54813.0,53957.0,1232.0,1174.0,1177.0,1597362.0,1208548.0,1478344.0,0.044,113037627.0,110737856.0,73669956.0,72135616.0,39989196.0,39042345.0,64.35,127.47,58.29,124.47,-4.0,-2.0,0.0,-30.0,-31.0,8.0
2021-03-18,2021-03-18,29670983.0,60538.0,54987.0,59136.0,1664.0,1125.0,1232.0,1454746.0,1209670.0,1597362.0,0.044,115730008.0,113037627.0,75495716.0,73669956.0,40981464.0,39989196.0,64.35,130.52,56.74,122.06,-10.0,-5.0,-9.0,-31.0,-32.0,10.0
2021-03-19,2021-03-19,29732612.0,61629.0,54710.0,60538.0,1147.0,1139.0,1664.0,1325598.0,1205967.0,1454746.0,0.044,118313818.0,115730008.0,77230061.0,75495716.0,41934629.0,40981464.0,64.35,155.04,65.96,154.97,-10.0,-6.0,0.0,-28.0,-31.0,8.0
2021-03-20,2021-03-20,29787986.0,55374.0,54726.0,61629.0,742.0,1079.0,1147.0,978090.0,1197507.0,1325598.0,0.045,121441497.0,118313818.0,79367225.0,77230061.0,43036818.0,41934629.0,64.35,156.14,67.7,177.25,-6.0,-2.0,25.0,-16.0,-10.0,2.0
2021-03-21,2021-03-21,29821754.0,33768.0,55074.0,55374.0,439.0,1043.0,742.0,605748.0,1191886.0,978090.0,0.045,124481412.0,121441497.0,81415769.0,79367225.0,44141228.0,43036818.0,64.35,120.05,56.53,124.48,-4.0,-3.0,28.0,-16.0,-12.0,2.0
2021-03-22,2021-03-22,29873347.0,51593.0,54438.0,33768.0,719.0,1022.0,439.0,956080.0,1196174.0,605748.0,0.046,126509736.0,124481412.0,82772416.0,81415769.0,44910946.0,44141228.0,66.2,121.62,59.7,117.75,-9.0,-5.0,11.0,-30.0,-30.0,8.0
2021-03-23,2021-03-23,29926950.0,53603.0,53714.0,51593.0,876.0,1017.0,719.0,1505933.0,1199424.0,956080.0,0.047,128217029.0,126509736.0,83930495.0,82772416.0,45533962.0,44910946.0,61.57,123.61,59.5,118.1,-9.0,-4.0,9.0,-31.0,-30.0,8.0
2021-03-24,2021-03-24,30013910.0,86960.0,53663.0,53603.0,1512.0,974.0,876.0,1632492.0,1203365.0,1505933.0,0.047,130473853.0,128217029.0,85472166.0,83930495.0,46365515.0,45533962.0,61.57,126.62,58.27,118.47,-9.0,-5.0,1.0,-31.0,-30.0,9.0
2021-03-25,2021-03-25,30081375.0,67465.0,57638.0,86960.0,1410.0,1014.0,1512.0,1428054.0,1208384.0,1632492.0,0.049,133305295.0,130473853.0,87343622.0,85472166.0,47419832.0,46365515.0,61.57,130.98,61.42,125.53,-10.0,-4.0,4.0,-30.0,-30.0,9.0
2021-03-26,2021-03-26,30158696.0,77321.0,58627.0,67465.0,1151.0,978.0,1410.0,1354899.0,1204571.0,1428054.0,0.05,136684688.0,133305295.0,89559225.0,87343622.0,48695172.0,47419832.0,61.57,157.47,70.16,159.64,-10.0,-6.0,9.0,-27.0,-30.0,8.0
2021-03-27,2021-03-27,30221396.0,62700.0,60869.0,77321.0,787.0,978.0,1151.0,986685.0,1208757.0,1354899.0,0.05,140180735.0,136684688.0,91707729.0,89559225.0,50141769.0,48695172.0,61.57,156.88,71.24,179.9,-8.0,-2.0,35.0,-16.0,-10.0,2.0
2021-03-28,2021-03-28,30264493.0,43097.0,61916.0,62700.0,522.0,985.0,787.0,617627.0,1209984.0,986685.0,0.051,143462691.0,140180735.0,93631163.0,91707729.0,51593564.0,50141769.0,61.57,116.84,52.98,118.45,-8.0,-5.0,3.0,-21.0,-14.0,3.0
2021-03-29,2021-03-29,30333922.0,69429.0,63248.0,43097.0,709.0,997.0,522.0,986306.0,1211681.0,617627.0,0.051,145812835.0,143462691.0,95015762.0,93631163.0,52614231.0,51593564.0,58.8,125.74,61.85,124.37,-8.0,-3.0,14.0,-30.0,-31.0,8.0
2021-03-30,2021-03-30,30395171.0,61249.0,65796.0,69429.0,882.0,995.0,709.0,1509215.0,1215999.0,986306.0,0.052,147602345.0,145812835.0,96044046.0,95015762.0,53423486.0,52614231.0,56.94,129.74,64.05,128.62,-7.0,-1.0,23.0,-29.0,-31.0,8.0
2021-03-31,2021-03-31,30462210.0,67039.0,66889.0,61249.0,1088.0,996.0,882.0,1556326.0,1216468.0,1509215.0,0.053,150273292.0,147602345.0,97593290.0,96044046.0,54607041.0,53423486.0,56.94,131.73,62.06,126.38,-6.0,-2.0,4.0,-29.0,-31.0,8.0
2021-04-01,2021-04-01,30541255.0,79045.0,64043.0,67039.0,1075.0,936.0,1088.0,1416591.0,1205587.0,1556326.0,0.054,153631404.0,150273292.0,99565311.0,97593290.0,56089614.0,54607041.0,56.94,141.05,64.44,135.87,-4.0,3.0,9.0,-27.0,-31.0,8.0
2021-04-02,2021-04-02,30611086.0,69831.0,65697.0,79045.0,950.0,888.0,1075.0,1312051.0,1203950.0,1416591.0,0.053,157606463.0,153631404.0,101804762.0,99565311.0,57984785.0,56089614.0,56.94,159.17,70.02,162.1,-6.0,3.0,11.0,-27.0,-40.0,10.0
2021-04-03,2021-04-03,30674153.0,63067.0,64627.0,69831.0,734.0,859.0,950.0,949486.0,1197829.0,1312051.0,0.054,161688422.0,157606463.0,104213478.0,101804762.0,59858146.0,57984785.0,56.94,148.26,67.9,167.2,-6.0,11.0,31.0,-18.0,-14.0,2.0
2021-04-04,2021-04-04,30709125.0,34972.0,64680.0,63067.0,289.0,851.0,734.0,558189.0,1192515.0,949486.0,0.054,165053746.0,161688422.0,106214924.0,104213478.0,61416536.0,59858146.0,56.94,102.52,53.87,106.33,-28.0,-11.0,33.0,-21.0,-23.0,1.0
2021-04-05,2021-04-05,30786804.0,77679.0,63519.0,34972.0,513.0,818.0,289.0,915974.0,1184023.0,558189.0,0.054,167187795.0,165053746.0,107515428.0,106214924.0,62392065.0,61416536.0,56.94,131.23,65.0,128.82,-6.0,-1.0,26.0,-27.0,-34.0,8.0
2021-04-06,2021-04-06,30847348.0,60544.0,64697.0,77679.0,854.0,790.0,513.0,1501612.0,1173976.0,915974.0,0.054,168592075.0,167187795.0,108301234.0,107515428.0,63016976.0,62392065.0,56.94,132.61,66.69,131.9,-6.0,0.0,33.0,-27.0,-31.0,7.0
2021-04-07,2021-04-07,30922386.0,75038.0,64597.0,60544.0,2586.0,786.0,854.0,1591778.0,1172890.0,1501612.0,0.055,171476655.0,168592075.0,109995734.0,108301234.0,64422618.0,63016976.0,56.94,134.84,66.24,133.44,-4.0,0.0,27.0,-27.0,-31.0,7.0
2021-04-08,2021-04-08,31002264.0,79878.0,65739.0,75038.0,1012.0,1000.0,2586.0,1461755.0,1177954.0,1591778.0,0.054,174879716.0,171476655.0,112046611.0,109995734.0,66203123.0,64422618.0,56.94,139.16,67.75,138.62,-6.0,-1.0,26.0,-26.0,-30.0,8.0
2021-04-09,2021-04-09,31084962.0,82698.0,65858.0,79878.0,880.0,991.0,1012.0,1405832.0,1184406.0,1461755.0,0.056,178837781.0,174879716.0,114436039.0,112046611.0,68202458.0,66203123.0,56.94,160.21,73.62,165.43,-10.0,-5.0,16.0,-26.0,-30.0,7.0
2021-04-10,2021-04-10,31151497.0,66535.0,67697.0,82698.0,713.0,981.0,880.0,980541.0,1197804.0,1405832.0,0.056,183467709.0,178837781.0,117142879.0,114436039.0,70692645.0,68202458.0,56.94,158.3,73.27,182.18,-7.0,-2.0,32.0,-17.0,-12.0,2.0
2021-04-11,2021-04-11,31197877.0,46380.0,68192.0,66535.0,289.0,978.0,713.0,628931.0,1202240.0,980541.0,0.057,187047131.0,183467709.0,119242902.0,117142879.0,72630892.0,70692645.0,56.94,119.58,56.71,120.14,-6.0,-4.0,18.0,-19.0,-14.0,2.0
2021-04-12,2021-04-12,31268107.0,70230.0,69822.0,46380.0,471.0,978.0,289.0,1014771.0,1212346.0,628931.0,0.055,189692045.0,187047131.0,120848490.0,119242902.0,74066085.0,72630892.0,56.94,125.1,62.54,118.41,-9.0,-3.0,9.0,-29.0,-29.0,7.0
2021-04-13,2021-04-13,31345985.0,77878.0,68758.0,70230.0,827.0,972.0,471.0,1554932.0,1226460.0,1014771.0,0.057,192282781.0,189692045.0,122295530.0,120848490.0,75322283.0,74066085.0,56.94,127.24,64.58,121.99,-8.0,-1.0,20.0,-29.0,-29.0,7.0
2021-04-14,2021-04-14,31421360.0,75375.0,71234.0,77878.0,958.0,968.0,827.0,1605780.0,1234077.0,1554932.0,0.056,194791836.0,192282781.0,123917385.0,122295530.0,76681252.0,75322283.0,56.94,128.84,63.68,122.54,-7.0,-3.0,13.0,-29.0,-30.0,8.0
2021-04-15,2021-04-15,31495649.0,74289.0,71282.0,75375.0,893.0,736.0,958.0,1421291.0,1236077.0,1605780.0,0.056,198317040.0,194791836.0,125822868.0,123917385.0,78498290.0,76681252.0,56.94,134.06,63.71,127.0,-10.0,-3.0,9.0,-29.0,-29.0,8.0
2021-04-16,2021-04-16,31575640.0,79991.0,70484.0,74289.0,866.0,719.0,893.0,1391107.0,1230297.0,1421291.0,0.056,202282923.0,198317040.0,127743096.0,125822868.0,80609818.0,78498290.0,56.94,156.31,73.03,158.61,-11.0,-6.0,8.0,-27.0,-29.0,8.0
2021-04-17,2021-04-17,31628013.0,52373.0,70097.0,79991.0,681.0,717.0,866.0,970991.0,1228193.0,1391107.0,0.056,205871913.0,202282923.0,129494179.0,127743096.0,82471151.0,80609818.0,56.94,157.38,74.94,181.85,-8.0,-2.0,35.0,-17.0,-12.0,2.0
2021-04-18,2021-04-18,31670031.0,42018.0,68074.0,52373.0,318.0,712.0,681.0,580904.0,1226829.0,970991.0,0.056,209406814.0,205871913.0,131247546.0,129494179.0,84263408.0,82471151.0,56.94,121.85,62.26,127.75,-5.0,-2.0,38.0,-16.0,-13.0,2.0
2021-04-19,2021-04-19,31737964.0,67933.0,67451.0,42018.0,482.0,716.0,318.0,840238.0,1219968.0,580904.0,0.056,211581309.0,209406814.0,132321628.0,131247546.0,85365180.0,84263408.0,56.94,124.79,64.71,119.47,-10.0,-3.0,14.0,-28.0,-29.0,8.0
2021-04-20,2021-04-20,31799237.0,61273.0,67122.0,67933.0,825.0,718.0,482.0,1235816.0,1195035.0,840238.0,0.056,213388238.0,211581309.0,133266995.0,132321628.0,86223506.0,85365180.0,56.94,128.85,67.21,125.94,-8.0,-1.0,21.0,-28.0,-29.0,8.0
