,CASE_COUNT,PROBABLE_CASE_COUNT,CASE_COUNT_7DAY_AVG,ALL_CASE_COUNT_7DAY_AVG,DEATH_COUNT,PROBABLE_DEATH_COUNT,DEATH_COUNT_7DAY_AVG,ALL_DEATH_COUNT_7DAY_AVG,TOTAL_TESTS,POSITIVE_TESTS,PERCENT_POSITIVE,TOTAL_TESTS_7DAYS_AVG,POSITIVE_TESTS_7DAYS_AVG,PERCENT_POSITIVE_7DAYS_AVG,TOTAL_ANTIGEN_TESTS,TOTAL_ANTIGEN_TESTS_7DAYS_AVG,HOSPITALIZED_COUNT,HOSP_COUNT_7DAY_AVG,retail_and_recreation_percent_change_from_baseline,grocery_and_pharmacy_percent_change_from_baseline,parks_percent_change_from_baseline,transit_stations_percent_change_from_baseline,workplaces_percent_change_from_baseline,residential_percent_change_from_baseline,driving,transit,walking
2020-03-03,1,0,0,0,0,0,0,0,15,1,0.0667,0,0,0.0,0,0,7,0,3.4,4.8,5.8,0.8,4.0,0.0,105.46,93.89,99.36
2020-03-04,5,0,0,0,0,0,0,0,35,5,0.1429,0,0,0.0,0,0,2,0,7.4,7.8,17.6,0.0,2.2,-0.2,107.92,98.65,110.29
2020-03-05,3,0,0,0,0,0,0,0,65,4,0.0615,0,0,0.0,0,0,14,0,8.2,9.2,19.8,0.4,3.0,-0.6,112.64,100.54,114.95
2020-03-06,8,0,3,3,0,0,0,0,87,8,0.092,0,0,0.0,0,0,8,5,-4.4,-2.2,-9.4,-3.6,2.2,1.6,126.8,108.43,121.34
2020-03-07,7,0,3,3,0,0,0,0,75,8,0.1067,0,0,0.0,1,0,8,6,6.8,8.4,22.2,3.0,6.4,-0.2,125.82,114.48,147.96
2020-03-08,21,0,6,6,0,0,0,0,112,21,0.1875,0,0,0.0,0,0,18,8,5.2,5.4,51.4,0.0,0.6,-0.2,96.7,86.13,110.32
2020-03-09,57,0,15,15,0,0,0,0,408,60,0.1471,111,15,0.1308,44,0,39,14,8.2,7.2,54.0,-1.4,2.0,0.6,104.61,92.2,114.55
2020-03-10,69,0,24,24,0,0,0,0,479,74,0.1545,176,25,0.1394,0,0,58,21,1.6,8.4,17.6,-4.6,-2.2,2.0,101.42,85.1,102.1
2020-03-11,155,0,46,46,1,0,0,0,816,165,0.2022,286,46,0.1622,0,0,80,32,2.2,10.0,21.4,-7.4,-3.2,2.2,100.27,81.65,97.08
2020-03-12,355,0,96,96,0,0,0,0,1617,370,0.2288,504,97,0.1923,0,0,108,46,-1.2,27.0,2.8,-12.2,-7.2,4.2,93.95,69.1,83.02
2020-03-13,619,0,183,183,0,0,0,0,2208,626,0.2835,803,185,0.2302,0,0,152,66,-8.4,26.4,10.0,-18.4,-12.0,6.4,100.36,66.28,86.93
2020-03-14,642,1,274,274,2,1,0,1,1769,664,0.3754,1037,276,0.2659,0,0,175,90,-12.2,19.0,31.4,-17.6,-3.8,4.0,88.65,58.17,80.86
2020-03-15,1035,0,419,419,4,0,1,1,2404,1055,0.4389,1360,422,0.3099,0,0,210,117,-18.8,11.0,27.8,-24.6,-10.4,5.2,64.46,40.65,53.22
2020-03-16,2121,1,714,714,8,1,2,2,5072,2192,0.4322,2014,718,0.3563,0,0,346,161,-19.8,18.6,-16.4,-35.2,-31.2,13.4,67.81,36.57,45.04
2020-03-17,2452,3,1054,1055,8,3,3,4,5717,2525,0.4417,2741,1060,0.3866,1,0,386,208,-31.8,12.2,-13.0,-41.4,-37.2,16.6,60.47,30.15,38.52
2020-03-18,2971,5,1456,1458,20,4,6,7,6487,3063,0.4722,3534,1464,0.4143,1,0,495,267,-33.4,8.0,1.0,-44.4,-40.4,17.6,59.38,27.35,38.01
2020-03-19,3707,4,1935,1937,24,3,9,11,7933,3792,0.478,4424,1945,0.4396,0,0,632,342,-40.4,-2.2,-18.2,-49.0,-44.8,20.4,54.24,25.2,33.0
2020-03-20,4007,3,2419,2422,47,3,16,18,8044,4120,0.5122,5248,2438,0.4645,0,0,747,427,-41.6,5.8,3.2,-49.0,-48.0,22.0,59.45,24.13,38.56
2020-03-21,2638,6,2704,2708,44,6,22,25,4955,2733,0.5516,5696,2728,0.4789,33,0,739,508,-48.0,1.2,1.2,-47.2,-33.6,14.2,49.13,18.74,32.23
2020-03-22,2580,4,2925,2929,49,3,29,32,4660,2708,0.5811,6015,2960,0.4922,0,0,772,588,-59.0,-21.4,-28.6,-57.4,-40.8,14.8,34.34,14.97,22.22
2020-03-23,3570,14,3132,3138,82,13,39,44,6001,3755,0.6257,6141,3181,0.5179,0,0,1145,702,-66.8,-43.2,-67.2,-68.4,-61.8,29.0,36.26,15.46,18.98
2020-03-24,4500,12,3425,3432,95,12,52,58,7588,4681,0.6169,6399,3486,0.5448,0,0,1313,835,-55.6,-19.8,-14.8,-61.8,-61.8,27.0,42.53,16.52,27.06
2020-03-25,4874,18,3697,3705,124,18,66,75,8075,5116,0.6336,6613,3768,0.5698,0,0,1410,965,-61.0,-29.6,-48.6,-65.2,-62.8,28.6,39.39,15.32,21.93
2020-03-26,5046,41,3888,3902,186,41,90,103,7802,5293,0.6784,6589,3979,0.6039,0,0,1542,1095,-56.8,-21.8,-11.8,-63.2,-63.4,28.2,43.45,16.05,27.1
2020-03-27,5117,41,4046,4066,218,41,114,133,7950,5336,0.6712,6575,4155,0.6319,0,0,1567,1213,-59.0,-24.4,-9.2,-62.6,-63.2,29.8,48.15,17.14,30.7
2020-03-28,3480,51,4167,4193,273,51,147,172,5162,3676,0.7121,6588,4281,0.6498,0,0,1389,1305,-68.4,-33.6,-55.8,-64.6,-50.8,20.0,37.18,13.4,20.61
2020-03-29,3561,63,4307,4341,290,63,181,215,5347,3754,0.7021,6680,4430,0.6633,1,0,1503,1410,-69.2,-36.4,-57.0,-66.2,-51.6,18.0,30.64,12.84,18.23
2020-03-30,6130,85,4673,4717,325,85,216,260,9360,6474,0.6917,7135,4809,0.6739,1,0,1850,1511,-60.2,-30.4,-42.8,-66.4,-66.0,29.0,39.39,15.43,23.46
2020-03-31,5459,85,4810,4864,385,84,257,312,8621,5771,0.6694,7277,4964,0.6821,3,0,1801,1580,-60.6,-29.8,-43.8,-67.2,-67.8,30.0,39.59,14.55,22.96
2020-04-01,5448,101,4892,4958,447,101,303,370,9157,5763,0.6294,7427,5054,0.6805,17,0,1741,1628,-57.6,-25.2,-28.0,-66.4,-68.0,29.6,41.2,14.39,25.07
2020-04-02,5747,168,4992,5077,497,167,348,432,10249,6140,0.5991,7769,5171,0.6656,10,0,1678,1647,-59.8,-25.6,-37.6,-67.6,-68.8,31.2,41.01,13.84,24.07
2020-04-03,5669,166,5071,5173,498,166,388,490,10438,6018,0.5765,8123,5270,0.6488,5,0,1713,1668,-63.8,-28.6,-57.2,-68.2,-68.8,33.0,43.97,13.76,23.7
2020-04-04,3864,188,5125,5248,510,188,422,544,6923,4102,0.5925,8363,5332,0.6376,1,5,1456,1677,-64.6,-26.0,-20.2,-62.2,-54.0,20.0,41.34,12.71,26.26
2020-04-05,3781,173,5157,5295,578,173,463,601,7032,4045,0.5752,8593,5372,0.6251,1,5,1402,1663,-66.8,-33.0,-27.4,-65.2,-53.2,17.4,34.1,12.03,21.96
2020-04-06,6354,224,5189,5347,576,224,499,656,12113,6805,0.5618,8978,5424,0.6042,4,6,1742,1648,-59.8,-27.4,-20.0,-67.6,-68.6,29.6,42.46,14.26,27.33
2020-04-07,6042,215,5272,5449,598,215,529,705,11774,6464,0.549,9401,5514,0.5865,1,6,1579,1616,-66.2,-20.4,-23.2,-68.4,-69.6,30.2,42.49,13.54,26.41
2020-04-08,5579,199,5291,5481,568,199,546,737,11492,6058,0.5271,9716,5549,0.5712,1,3,1567,1591,-68.2,-22.6,-29.2,-69.6,-70.4,30.6,41.44,13.32,24.83
2020-04-09,5071,193,5194,5388,559,193,555,749,10365,5489,0.5296,9725,5455,0.5609,1,2,1354,1545,-70.6,-25.8,-49.2,-71.4,-71.8,32.2,40.03,12.73,21.52
2020-04-10,4510,179,5029,5225,539,179,561,757,8963,4959,0.5533,9514,5302,0.5573,2,2,1291,1484,-71.8,-24.2,-54.8,-71.2,-72.4,34.2,45.9,13.37,24.01
2020-04-11,3732,171,5010,5203,542,171,566,759,7847,4040,0.5148,9637,5293,0.5492,7,2,1037,1425,-69.4,-17.8,-17.6,-62.8,-54.0,19.8,44.55,12.52,26.8
2020-04-12,2887,175,4882,5076,571,175,565,758,6825,3261,0.4778,9598,5178,0.5395,2,3,955,1361,-76.4,-40.2,-19.8,-65.0,-54.6,17.8,31.33,11.25,20.49
2020-04-13,3312,184,4448,4636,570,184,564,752,8165,3751,0.4594,9041,4755,0.5259,1,2,1156,1277,-76.2,-47.0,-62.4,-74.8,-70.6,32.6,36.46,12.75,19.22
2020-04-14,4144,141,4176,4354,507,140,551,728,11342,4817,0.4247,8980,4526,0.504,4,3,985,1192,-65.0,-23.2,-20.6,-66.8,-68.0,29.2,45.9,14.13,26.62
2020-04-15,3875,105,3933,4097,453,105,534,698,11642,4393,0.3773,9010,4299,0.4771,5,3,867,1092,-65.2,-26.4,-28.0,-68.2,-68.8,30.2,46.55,13.42,25.84
2020-04-16,3531,136,3713,3869,413,136,514,669,11347,4034,0.3555,9146,4099,0.4482,1,3,782,1010,-66.4,-24.8,-38.8,-68.8,-68.6,30.0,47.23,13.34,25.0
2020-04-17,3584,92,3581,3724,384,92,491,635,12299,4137,0.3364,9609,3986,0.4148,1,3,791,939,-68.2,-26.0,-44.4,-67.4,-67.0,31.8,51.86,13.46,27.12
2020-04-18,2172,113,3358,3493,391,113,470,605,7809,2565,0.3285,9601,3777,0.3934,1,2,588,875,-72.2,-30.2,-49.6,-64.4,-51.2,20.4,45.56,12.1,23.84
2020-04-19,2346,88,3281,3403,399,88,445,568,8204,2798,0.3411,9789,3712,0.3792,0,2,537,815,-69.0,-29.6,2.2,-61.8,-48.4,16.4,42.87,12.61,27.06
2020-04-20,3792,94,3349,3459,363,94,416,525,13980,4515,0.323,10611,3822,0.3601,0,2,631,740,-65.6,-28.4,-30.6,-67.0,-65.6,28.8,47.49,14.58,26.88
2020-04-21,3063,92,3195,3298,323,92,389,492,12030,3725,0.3096,10708,3673,0.343,0,1,590,684,-68.8,-33.8,-44.6,-70.2,-67.2,30.2,44.69,13.49,23.22
2020-04-22,3447,82,3134,3233,311,82,369,469,14034,4221,0.3008,11039,3647,0.3303,1,1,516,634,-64.6,-24.6,-29.2,-67.6,-66.2,29.0,50.27,14.06,26.76
2020-04-23,2841,79,3035,3126,330,79,357,449,12531,3500,0.2793,11198,3574,0.3192,0,0,444,585,-65.4,-25.0,-37.8,-68.0,-66.4,29.8,49.36,14.03,25.58
2020-04-24,2535,57,2885,2972,314,57,347,434,11987,3218,0.2685,11168,3447,0.3086,1,0,463,538,-70.2,-32.2,-57.8,-69.8,-66.2,32.4,52.27,13.83,25.79
2020-04-25,1595,53,2803,2881,264,53,329,407,7747,2007,0.2591,11142,3367,0.3022,0,0,326,501,-64.4,-19.2,26.0,-56.6,-46.4,17.0,57.52,14.08,34.81
2020-04-26,1003,51,2611,2683,245,51,307,380,5740,1321,0.2301,10787,3157,0.2927,0,0,319,470,-74.2,-40.0,-61.0,-67.0,-50.0,17.6,38.51,12.19,19.37
2020-04-27,2288,46,2396,2462,269,46,294,359,13189,2988,0.2266,10674,2943,0.2757,0,0,370,433,-64.8,-29.2,-44.6,-67.2,-64.0,28.6,48.12,14.98,25.33
2020-04-28,2727,30,2348,2405,229,30,280,337,15304,3498,0.2286,11129,2914,0.2618,0,0,352,399,-59.8,-19.0,16.0,-63.6,-64.0,21.6,56.29,16.01,33.1
2020-04-29,2340,35,2190,2240,237,35,270,320,15126,3111,0.2057,11275,2759,0.2447,0,0,311,369,-64.0,-27.4,-39.4,-67.2,-64.6,28.6,51.8,15.39,27.39
2020-04-30,2022,28,2073,2116,224,28,255,297,13887,2685,0.1933,11455,2646,0.231,0,0,255,342,-64.8,-28.4,-50.2,-68.6,-65.6,29.8,51.3,14.9,25.92
2020-05-01,1887,37,1980,2020,210,37,240,280,13351,2590,0.194,11670,2564,0.2197,0,0,267,314,-62.2,-21.0,-29.0,-64.2,-63.2,29.4,61.39,16.51,32.66
2020-05-02,1058,33,1904,1941,190,33,229,266,7679,1478,0.1925,11660,2490,0.2135,0,0,205,297,-58.4,-14.0,59.6,-52.6,-42.4,15.0,66.58,16.37,42.71
2020-05-03,787,28,1873,1907,177,28,219,253,6217,1116,0.1795,11707,2459,0.21,0,0,215,282,-61.4,-23.4,47.6,-56.4,-42.6,13.2,55.59,15.64,36.23
2020-05-04,1550,34,1767,1799,158,34,204,236,14665,2261,0.1542,11915,2355,0.1977,0,0,240,264,-57.0,-21.8,-11.6,-63.0,-61.4,26.0,58.29,18.02,33.19
2020-05-05,1512,16,1594,1624,151,16,192,223,15010,2276,0.1516,11877,2181,0.1836,10,1,213,244,-56.2,-15.8,-3.0,-62.4,-62.0,25.8,62.13,17.96,35.24
2020-05-06,1398,28,1459,1488,151,28,180,209,15364,2135,0.139,11905,2040,0.1714,1,2,216,230,-62.4,-25.4,-45.8,-66.0,-62.6,27.6,57.36,17.03,29.16
2020-05-07,1239,17,1347,1375,143,17,169,196,14970,1937,0.1294,12063,1936,0.1605,0,2,175,219,-56.2,-12.2,13.6,-62.0,-61.6,26.0,63.77,17.64,36.79
2020-05-08,1081,21,1232,1257,131,21,157,183,13988,1803,0.1289,12150,1827,0.1504,0,2,171,205,-63.2,-21.2,-46.4,-64.8,-61.4,28.6,64.28,16.14,31.43
2020-05-09,657,9,1175,1197,99,9,144,166,7262,1045,0.1439,12093,1768,0.1462,0,2,123,193,-61.2,-13.8,-28.0,-57.2,-42.2,16.6,65.61,15.41,33.37
2020-05-10,457,12,1128,1147,103,12,134,153,6161,752,0.1221,12081,1718,0.1422,0,2,102,177,-58.4,-19.4,19.4,-53.8,-39.4,12.4,57.22,14.63,32.85
2020-05-11,1231,14,1082,1099,104,14,126,143,18298,2029,0.1109,12589,1681,0.1336,0,2,186,169,-61.0,-28.2,-33.2,-64.8,-60.0,26.2,57.22,14.63,32.85
2020-05-12,1285,12,1050,1066,90,12,117,133,19884,2119,0.1066,13263,1656,0.1248,0,0,115,155,-56.8,-16.2,-3.8,-61.6,-59.8,25.0,57.22,14.63,32.85
2020-05-13,1334,8,1041,1054,83,8,108,121,20023,2108,0.1053,13899,1645,0.1184,0,0,127,143,-54.8,-16.4,6.6,-61.4,-59.6,25.4,68.48,18.45,38.51
2020-05-14,1110,16,1022,1035,70,16,97,110,19135,1918,0.1002,14454,1636,0.1132,0,0,146,139,-54.0,-14.8,8.8,-61.4,-59.8,23.8,71.1,18.54,39.57
2020-05-15,873,11,992,1004,86,11,91,102,16064,1599,0.0995,14733,1606,0.109,0,0,126,132,-54.8,-15.4,23.2,-59.0,-58.4,25.4,84.12,20.14,48.47
2020-05-16,485,18,968,981,84,18,89,102,9050,860,0.095,14972,1576,0.1053,0,0,93,128,-55.0,-15.0,61.4,-50.4,-38.2,13.2,82.52,19.17,50.41
2020-05-17,360,10,954,967,77,10,85,98,8124,679,0.0836,15222,1560,0.1025,0,0,82,125,-57.4,-21.6,39.8,-54.4,-37.0,12.2,65.55,17.42,39.91
2020-05-18,895,8,906,918,59,8,78,90,21655,1589,0.0734,15689,1498,0.0955,0,0,114,115,-53.0,-20.2,-2.6,-60.4,-57.2,24.0,70.3,20.05,39.45
2020-05-19,1003,9,866,877,55,9,73,85,21322,1655,0.0776,15899,1434,0.0902,0,0,118,115,-51.8,-15.0,-1.0,-59.4,-58.0,24.2,74.14,20.02,41.29
2020-05-20,1077,5,829,840,79,5,73,84,26823,1722,0.0642,16834,1382,0.0821,0,0,79,108,-51.2,-14.4,6.8,-59.8,-58.0,23.8,77.27,20.18,42.99
2020-05-21,1069,7,823,833,45,7,69,79,26011,1681,0.0646,17767,1348,0.0759,0,0,85,100,-49.6,-11.4,19.2,-58.8,-58.2,23.8,81.65,20.81,45.87
2020-05-22,1037,11,847,856,65,11,66,76,27066,1624,0.06,19175,1354,0.0706,0,0,102,96,-53.2,-14.2,1.6,-58.2,-56.4,24.4,89.53,21.19,49.22
2020-05-23,456,3,842,850,60,3,63,70,13123,763,0.0581,19664,1341,0.0682,0,0,73,93,-61.4,-23.2,-33.4,-57.8,-38.2,15.8,72.63,18.05,37.71
2020-05-24,467,4,858,864,48,4,59,65,12900,743,0.0576,20253,1349,0.0666,0,0,89,94,-54.0,-16.6,56.6,-51.0,-35.2,10.0,74.79,19.4,45.57
2020-05-25,465,6,796,803,47,5,57,63,15456,791,0.0512,19048,1235,0.0649,18,3,78,89,-56.0,-23.6,44.0,-67.2,-72.2,25.6,69.55,20.75,43.0
2020-05-26,1053,7,803,810,38,5,55,60,35759,1777,0.0497,20157,1247,0.0619,37,8,75,83,-49.4,-14.2,30.8,-57.0,-55.6,21.8,82.71,23.33,48.13
2020-05-27,744,4,756,762,48,3,50,56,26300,1312,0.0499,20159,1187,0.0589,17,8,76,83,-48.2,-13.4,27.4,-56.8,-55.4,22.4,85.27,23.22,48.88
2020-05-28,646,5,695,701,38,4,49,54,27589,1135,0.0411,20148,1112,0.0552,32,9,81,82,-50.2,-13.0,2.6,-58.0,-56.6,23.2,81.9,22.2,44.69
2020-05-29,642,13,639,645,43,8,46,51,26988,1079,0.04,19961,1038,0.052,7,9,85,80,-52.4,-15.0,12.2,-57.2,-55.8,24.6,91.98,23.33,50.81
2020-05-30,348,5,624,630,52,4,45,50,13472,586,0.0435,19989,1016,0.0508,0,9,55,77,-50.4,-10.4,82.0,-45.2,-27.4,10.8,96.18,24.22,59.86
2020-05-31,230,8,590,597,39,3,44,48,10427,398,0.0382,19712,969,0.0491,7,9,60,73,-51.6,-16.8,71.4,-48.2,-27.8,9.4,78.61,21.25,48.6
2020-06-01,686,11,621,629,35,5,42,46,32591,1087,0.0334,21403,1011,0.0472,58,12,85,74,-47.6,-15.4,13.8,-55.2,-53.4,21.4,82.96,24.33,50.4
2020-06-02,572,8,553,560,37,6,42,46,29454,930,0.0316,20825,898,0.0431,13,12,63,72,-51.2,-15.6,4.4,-57.4,-55.0,23.2,80.97,24.42,48.68
2020-06-03,514,4,520,527,43,3,41,46,26289,856,0.0326,20803,835,0.0401,12,12,75,72,-52.2,-17.2,0.4,-58.8,-55.2,23.6,79.87,22.37,43.22
2020-06-04,523,11,502,511,33,5,40,45,29235,908,0.0311,20800,805,0.0387,43,13,76,71,-48.0,-9.6,33.0,-55.8,-54.2,22.2,91.0,24.83,51.73
2020-06-05,403,14,468,477,28,3,38,42,28219,660,0.0234,20906,749,0.0358,10,13,57,67,-53.2,-17.0,-17.2,-57.4,-53.6,24.2,93.55,24.1,48.82
2020-06-06,247,7,454,463,34,2,36,39,13225,376,0.0284,20991,721,0.0344,0,13,36,65,-50.2,-11.6,58.8,-45.6,-27.2,11.0,100.86,26.42,58.64
2020-06-07,197,13,449,459,25,4,34,38,10736,333,0.031,21034,714,0.0339,16,14,53,64,-48.0,-13.2,95.8,-45.2,-26.4,8.0,86.66,25.28,51.87
2020-06-08,450,23,415,427,39,7,34,38,34587,794,0.023,21204,670,0.0316,50,13,62,60,-42.8,-11.8,37.6,-53.4,-50.4,19.4,92.18,29.69,53.58
2020-06-09,421,9,394,405,31,3,33,37,33729,686,0.0203,21767,635,0.0292,29,15,65,61,-42.6,-8.8,48.4,-53.4,-51.6,19.4,100.69,30.39,57.44
2020-06-10,365,19,372,386,32,6,32,36,26091,572,0.0219,21832,596,0.0273,7,16,64,59,-42.6,-9.6,41.0,-53.0,-51.4,19.6,98.67,29.56,55.13
2020-06-11,365,18,350,364,21,5,30,34,28089,605,0.0215,21692,555,0.0256,23,16,52,56,-47.0,-13.4,-4.0,-56.4,-52.6,21.8,91.57,27.4,47.9
2020-06-12,410,17,351,366,23,3,29,34,29788,649,0.0218,21951,554,0.0252,39,17,55,55,-44.6,-7.2,48.6,-50.6,-50.0,19.4,118.14,32.8,67.72
2020-06-13,196,13,343,359,15,2,27,31,13863,295,0.0213,22089,544,0.0246,0,17,34,55,-44.8,-6.2,99.2,-40.0,-22.2,8.0,111.98,30.61,68.19
2020-06-14,180,14,341,357,23,0,26,30,11991,268,0.0224,22219,534,0.0241,27,17,45,54,-45.8,-13.4,97.0,-43.4,-23.2,7.2,90.69,27.9,54.09
2020-06-15,381,18,331,347,20,0,24,26,37081,646,0.0174,22393,513,0.0229,52,18,53,53,-42.2,-13.2,27.8,-52.4,-50.0,18.8,98.02,31.34,55.74
2020-06-16,420,17,331,348,16,3,21,24,35339,631,0.0179,22617,506,0.0224,24,17,63,52,-40.4,-7.4,46.8,-50.6,-50.6,18.8,103.47,32.34,59.99
2020-06-17,356,13,330,345,19,1,20,22,29775,538,0.0181,23199,502,0.0216,26,19,51,50,-41.4,-9.6,34.6,-51.6,-51.0,19.0,104.3,32.05,59.28
2020-06-18,378,9,332,346,17,1,19,20,34491,578,0.0168,23971,499,0.0208,62,21,58,51,-41.2,-6.6,31.8,-51.6,-51.2,18.8,106.3,32.31,59.45
2020-06-19,362,23,325,340,15,0,18,19,30342,543,0.0179,24157,484,0.02,23,22,45,50,-42.8,-6.6,51.6,-48.6,-50.2,17.6,126.65,37.48,76.36
2020-06-20,203,16,326,341,17,1,18,19,14865,305,0.0205,24364,485,0.0199,0,22,27,49,-44.2,-3.6,86.2,-39.2,-21.4,7.2,116.95,32.9,68.66
2020-06-21,172,12,325,340,23,0,18,19,11526,260,0.0226,24342,481,0.0198,24,22,44,49,-46.4,-11.4,90.4,-41.0,-22.2,5.4,89.91,28.85,50.68
2020-06-22,402,15,328,343,17,0,18,19,35049,585,0.0167,24354,474,0.0195,56,24,51,48,-38.6,-14.2,37.0,-49.0,-51.2,17.0,109.55,37.0,62.04
2020-06-23,382,13,322,337,19,1,18,19,32229,530,0.0164,24413,462,0.0189,87,35,44,46,-34.8,-5.4,50.2,-46.4,-51.2,16.4,113.58,37.82,66.96
2020-06-24,381,14,326,340,17,0,18,18,31313,543,0.0173,24517,464,0.0189,465,93,54,46,-35.6,-7.6,46.0,-48.2,-50.0,17.0,114.63,37.75,66.04
2020-06-25,299,10,314,329,15,1,18,18,30881,445,0.0144,24372,446,0.0183,436,147,44,44,-34.4,-4.6,46.4,-47.0,-50.0,16.8,118.19,38.22,68.27
2020-06-26,316,17,308,322,17,1,18,18,28435,441,0.0155,24668,432,0.0175,325,188,33,42,-38.6,-7.4,50.2,-45.2,-48.8,16.4,135.63,41.52,79.4
2020-06-27,206,12,308,322,12,4,17,18,15546,270,0.0174,24851,427,0.0172,63,195,43,45,-43.2,-11.0,36.6,-38.2,-24.0,8.0,116.3,35.44,67.25
2020-06-28,202,16,313,326,11,1,15,17,14368,273,0.019,25265,429,0.017,60,201,33,43,-41.0,-14.2,76.8,-38.0,-20.4,6.2,100.91,34.24,59.3
2020-06-29,437,19,318,332,16,3,15,17,35337,575,0.0163,25607,427,0.0167,223,223,50,43,-32.8,-11.2,36.2,-47.0,-47.8,16.0,115.7,40.51,66.7
2020-06-30,442,15,326,341,11,0,14,16,33094,570,0.0172,25982,431,0.0166,154,234,45,43,-30.6,-7.2,28.6,-47.2,-49.4,16.6,114.29,38.73,65.33
2020-07-01,397,21,328,344,9,1,13,15,34579,520,0.015,26139,429,0.0164,566,230,39,41,-31.0,-7.2,24.6,-47.8,-49.4,16.4,116.68,38.98,64.71
2020-07-02,416,14,345,361,15,4,13,15,32571,545,0.0167,26556,443,0.0167,414,233,46,41,-25.2,2.2,59.6,-44.2,-49.2,14.0,134.71,43.94,75.84
2020-07-03,235,14,334,349,11,1,12,14,18366,330,0.018,25430,428,0.0168,218,232,30,41,-33.8,-0.8,19.2,-50.2,-59.8,18.4,122.37,38.13,68.42
2020-07-04,120,11,321,337,5,1,11,13,8354,165,0.0198,24509,414,0.0169,21,229,31,39,-49.4,-14.6,103.2,-40.8,-32.8,5.8,104.35,38.15,70.16
2020-07-05,154,10,314,329,8,1,11,12,12605,210,0.0167,24248,405,0.0167,66,231,26,38,-42.4,-19.8,79.8,-39.2,-25.6,3.8,100.21,34.58,57.4
2020-07-06,433,24,314,329,6,4,9,11,35059,573,0.0163,24169,406,0.0168,98,215,55,39,-36.8,-16.6,6.0,-49.6,-50.8,16.6,111.22,39.14,60.83
2020-07-07,461,24,317,333,6,1,9,10,33706,610,0.0181,24314,411,0.0169,205,220,49,39,-30.2,-3.0,36.8,-45.8,-50.6,15.8,115.68,41.36,69.0
2020-07-08,437,16,322,338,14,3,9,11,36134,535,0.0148,24396,414,0.017,566,210,33,39,-32.8,-7.8,21.8,-47.4,-49.2,16.4,116.19,41.48,66.59
2020-07-09,394,18,319,336,6,0,8,10,32572,511,0.0157,24460,408,0.0167,422,212,44,38,-29.4,-2.0,56.6,-44.8,-49.2,15.2,126.98,45.38,76.13
2020-07-10,307,20,329,347,6,0,7,9,25396,415,0.0163,25462,421,0.0165,220,220,44,40,-50.6,-26.4,-39.8,-54.4,-52.0,21.2,114.03,35.25,57.93
2020-07-11,259,17,349,368,8,1,8,9,14858,309,0.0208,26377,440,0.0167,20,219,33,41,-35.2,-3.8,40.8,-36.8,-20.2,7.2,121.99,39.64,72.49
2020-07-12,224,12,359,378,4,2,7,9,13087,286,0.0219,26423,450,0.017,74,221,27,41,-34.4,-9.6,116.0,-34.0,-21.8,3.6,118.33,41.64,71.61
2020-07-13,483,21,366,385,14,2,8,10,37435,657,0.0176,26672,463,0.0174,222,231,52,40,-30.0,-7.6,39.2,-46.0,-48.6,15.2,117.54,43.21,69.22
2020-07-14,403,15,358,375,10,0,9,10,33850,523,0.0155,26777,449,0.0168,179,236,44,40,-26.8,-4.0,58.6,-45.2,-49.4,14.8,123.96,45.44,74.52
2020-07-15,439,22,358,376,12,2,9,10,37963,572,0.0151,26892,454,0.0169,538,216,44,41,-26.4,-7.0,54.2,-46.0,-48.0,14.8,124.75,44.93,74.92
2020-07-16,415,22,361,380,6,0,9,10,33973,573,0.0169,27120,462,0.017,347,213,35,40,-26.0,-4.0,54.6,-45.6,-48.6,15.2,127.08,44.67,76.08
2020-07-17,417,19,377,395,11,1,9,10,30213,525,0.0174,27886,477,0.0171,222,221,51,41,-33.6,-10.4,20.0,-46.4,-48.2,16.0,135.13,45.44,79.74
2020-07-18,216,20,371,390,9,2,9,11,15289,279,0.0182,27967,474,0.0169,43,223,26,40,-33.6,-9.6,99.0,-33.4,-20.0,4.6,137.93,48.72,86.28
2020-07-19,175,26,364,385,7,2,10,11,12602,220,0.0175,27869,464,0.0166,123,232,38,41,-36.8,-17.0,90.2,-38.2,-23.6,4.2,113.92,41.67,65.19
2020-07-20,402,29,352,374,7,2,9,10,34806,538,0.0155,27461,448,0.0163,148,224,39,40,-31.8,-14.8,29.0,-48.2,-49.2,15.8,118.19,44.56,67.03
2020-07-21,340,15,343,365,6,0,8,10,34190,466,0.0136,27570,440,0.016,53,207,25,37,-28.6,-8.2,49.2,-46.0,-49.4,15.2,123.11,46.42,72.32
2020-07-22,330,19,328,349,7,2,8,9,34805,456,0.0131,26945,423,0.0157,94,141,39,36,-32.2,-14.4,13.0,-48.4,-48.4,16.4,119.4,42.97,66.1
2020-07-23,308,14,313,333,8,1,8,9,30958,439,0.0142,26606,403,0.0151,53,103,32,36,-28.2,-5.8,25.2,-47.0,-48.0,15.6,123.38,43.37,70.44
2020-07-24,300,16,296,316,5,0,7,8,26610,408,0.0153,26174,386,0.0147,47,77,41,34,-35.2,-12.0,9.0,-47.4,-47.8,16.6,135.89,46.23,78.79
2020-07-25,153,15,287,306,11,1,7,8,13822,209,0.0151,26012,377,0.0145,6,72,36,36,-31.2,-8.6,103.2,-32.0,-20.0,4.0,141.19,51.61,90.53
2020-07-26,140,17,282,300,7,1,7,8,11931,210,0.0176,25893,376,0.0145,46,60,25,34,-34.2,-15.4,93.4,-36.8,-22.8,3.8,115.37,43.28,67.45
2020-07-27,314,18,269,286,4,0,7,8,34353,425,0.0124,25707,361,0.014,73,50,39,34,-30.4,-13.4,35.2,-46.8,-48.6,14.8,122.71,47.13,70.48
2020-07-28,315,17,266,282,11,1,8,8,30574,408,0.0133,25275,353,0.014,76,54,38,36,-29.0,-9.6,35.6,-46.6,-49.0,15.4,123.5,46.83,71.98
2020-07-29,289,23,260,277,5,0,7,8,33464,401,0.012,24934,347,0.0139,121,57,29,34,-27.8,-9.0,46.6,-45.8,-49.0,14.6,129.46,49.14,76.3
2020-07-30,274,11,255,272,4,1,7,7,30003,368,0.0123,24855,337,0.0136,52,58,38,35,-28.2,-6.8,38.6,-47.0,-49.8,15.4,128.9,47.56,74.59
2020-07-31,263,23,250,267,3,1,6,7,27961,378,0.0135,25114,333,0.0132,80,62,34,34,-32.0,-10.0,19.6,-45.4,-49.2,15.2,135.53,48.66,81.42
2020-08-01,189,13,255,272,6,1,6,6,14333,257,0.0179,25235,339,0.0134,1,62,27,33,-30.8,-8.8,107.2,-31.6,-20.4,3.4,141.94,50.66,91.65
2020-08-02,138,10,255,271,2,0,5,6,11402,189,0.0166,25200,335,0.0133,29,59,32,34,-34.4,-15.8,59.8,-39.8,-24.0,4.8,104.84,39.81,62.84
2020-08-03,348,25,259,277,2,1,5,5,36591,473,0.0129,25376,341,0.0134,96,61,39,34,-26.2,-7.0,39.0,-45.0,-47.8,13.8,123.74,48.54,73.75
2020-08-04,187,19,241,259,4,2,4,5,23942,274,0.0114,24621,321,0.013,101,64,33,33,-43.6,-24.0,-8.6,-53.2,-54.4,20.0,103.28,42.04,55.97
2020-08-05,298,21,242,260,6,1,4,5,33595,424,0.0126,24540,325,0.0132,115,63,39,35,-23.2,-5.0,56.2,-43.4,-48.2,13.0,144.32,53.21,83.26
2020-08-06,290,18,245,263,5,1,4,5,32903,389,0.0118,24944,328,0.0131,82,67,34,34,-25.0,-4.8,44.4,-44.8,-48.8,14.0,138.52,49.81,81.04
2020-08-07,256,25,244,262,2,0,4,5,28691,349,0.0122,25133,325,0.0129,113,73,24,33,-33.4,-12.4,5.2,-45.6,-48.2,15.4,142.53,50.24,82.71
2020-08-08,161,25,240,260,4,0,4,4,14716,208,0.0141,25204,320,0.0127,27,77,20,32,-30.2,-7.8,85.8,-33.0,-20.0,4.2,141.47,51.7,94.24
2020-08-09,133,17,239,260,3,0,4,4,11957,191,0.016,25258,320,0.0127,35,77,27,31,-31.6,-14.6,102.4,-34.4,-22.4,3.0,121.89,47.33,76.9
2020-08-10,311,31,234,256,5,0,4,5,37610,435,0.0116,25312,315,0.0125,78,75,41,31,-28.2,-11.6,42.2,-46.0,-48.4,13.8,128.89,50.62,76.64
2020-08-11,264,27,245,268,4,1,4,5,31892,379,0.0119,26462,328,0.0124,173,85,24,30,-27.8,-8.6,49.0,-45.4,-49.0,14.0,130.87,50.63,78.69
2020-08-12,320,18,248,271,1,1,3,4,34196,408,0.0119,26428,327,0.0124,90,82,33,29,-31.6,-11.6,21.4,-47.0,-48.8,15.2,126.56,47.64,72.69
2020-08-13,277,34,246,271,3,3,3,4,31086,363,0.0117,26205,324,0.0124,107,86,38,30,-32.6,-9.8,13.4,-47.4,-49.4,15.4,127.45,46.72,72.9
2020-08-14,277,21,249,274,3,1,3,4,29253,373,0.0128,26384,328,0.0124,91,83,37,31,-31.2,-9.2,42.2,-43.2,-47.6,13.4,148.85,55.75,92.08
2020-08-15,151,15,248,271,4,1,3,4,15122,197,0.013,26477,326,0.0123,7,80,23,32,-32.6,-10.8,97.0,-31.8,-21.2,3.4,141.53,54.6,95.57
2020-08-16,140,19,249,272,5,0,4,5,12024,182,0.0151,26483,324,0.0122,20,78,21,31,-43.4,-22.6,-10.8,-45.0,-28.2,6.8,99.08,38.2,56.59
2020-08-17,333,25,252,274,5,0,4,5,40218,436,0.0108,26751,324,0.0121,165,90,34,30,-29.4,-12.4,32.6,-45.6,-48.6,13.8,123.29,51.68,77.17
2020-08-18,286,25,255,277,1,0,3,4,39094,383,0.0098,27738,324,0.0117,123,82,39,32,-28.0,-9.0,56.75,-44.6,-47.8,13.6,130.33,53.73,83.89
2020-08-19,258,39,246,271,1,0,3,4,37602,350,0.0093,28072,317,0.0113,224,101,37,33,-32.8,-14.0,19.0,-47.4,-48.6,15.0,123.86,49.75,76.18
2020-08-20,227,21,239,262,6,0,4,4,35783,319,0.0089,28718,309,0.0108,168,110,36,32,-25.2,-6.0,61.0,-43.4,-47.8,12.8,135.63,55.29,87.59
2020-08-21,252,27,235,260,3,1,4,4,32497,345,0.0106,29174,306,0.0105,104,112,31,32,-31.0,-9.6,41.2,-42.0,-46.8,13.2,149.98,58.65,96.39
2020-08-22,136,21,233,258,5,1,4,4,15016,184,0.0123,29149,304,0.0104,18,114,27,32,-33.0,-11.6,97.5,-31.8,-20.4,3.0,143.88,55.97,96.89
2020-08-23,150,20,235,260,3,0,3,4,13178,192,0.0146,29269,305,0.0104,62,119,21,32,-33.4,-16.0,78.0,-35.4,-22.6,3.0,113.86,47.32,75.02
2020-08-24,298,22,230,255,8,0,4,4,41001,404,0.0099,29293,301,0.0103,135,116,36,32,-30.4,-14.0,30.4,-45.6,-47.6,13.8,121.94,52.29,76.79
2020-08-25,283,19,229,253,4,0,4,5,37699,378,0.01,29288,301,0.0103,94,113,42,33,-29.6,-10.8,27.2,-44.4,-48.4,14.0,123.91,52.22,77.15
2020-08-26,313,24,237,259,6,1,5,5,38785,416,0.0107,29323,309,0.0105,216,112,26,31,-26.0,-8.2,51.4,-43.8,-47.0,12.8,127.88,53.22,82.53
2020-08-27,273,22,244,266,1,0,4,5,34312,356,0.0104,29139,313,0.0107,131,107,30,30,-29.4,-10.2,25.8,-44.8,-47.8,14.2,125.49,49.8,76.03
2020-08-28,279,18,247,268,5,1,5,5,32751,354,0.0108,29288,316,0.0108,171,117,22,29,-32.4,-11.4,26.0,-42.8,-46.2,13.4,140.71,55.04,89.61
2020-08-29,128,25,246,268,2,2,4,5,15732,165,0.0105,29394,315,0.0107,21,117,22,28,-36.0,-12.0,28.4,-38.6,-23.0,6.6,119.75,47.59,81.37
2020-08-30,185,21,251,273,4,2,4,5,12886,222,0.0172,29355,318,0.0108,99,122,21,28,-29.0,-13.4,118.0,-30.6,-21.0,1.6,120.6,50.17,82.68
2020-08-31,315,15,254,274,1,0,3,4,44870,414,0.0092,29844,319,0.0107,341,152,40,29,-28.2,-12.8,29.8,-44.8,-47.2,13.2,117.46,49.09,76.96
2020-09-01,296,34,256,278,3,0,3,4,40580,392,0.0097,30412,322,0.0106,206,168,20,26,-26.4,-6.8,30.4,-43.4,-47.6,13.8,120.92,49.23,80.1
2020-09-02,271,25,250,272,4,1,3,4,41433,362,0.0087,30592,314,0.0103,293,177,27,26,-28.2,-9.6,14.4,-45.8,-47.4,14.2,120.24,49.11,77.86
2020-09-03,273,29,250,273,5,1,3,4,41396,376,0.0091,31551,315,0.01,269,197,18,24,-25.2,-5.2,30.2,-43.2,-46.8,13.2,128.38,51.79,81.56
2020-09-04,230,19,243,267,5,0,3,4,37395,316,0.0085,32256,310,0.0096,277,211,33,26,-27.2,-5.6,42.0,-40.8,-46.2,11.8,152.09,59.41,101.39
2020-09-05,156,11,247,269,3,0,4,4,17844,200,0.0112,32604,313,0.0096,17,211,22,26,-29.4,-7.8,98.0,-30.6,-21.8,2.2,139.13,57.42,105.61
2020-09-06,207,24,250,272,7,0,4,4,14221,263,0.0185,32765,318,0.0097,108,211,30,27,-29.8,-12.8,102.75,-32.0,-21.6,1.2,118.49,49.0,87.4
2020-09-07,218,23,236,259,1,0,4,4,18905,273,0.0144,29262,301,0.0103,153,185,18,24,-32.6,-18.0,67.5,-57.0,-69.0,16.8,106.79,49.15,75.62
2020-09-08,395,23,250,272,2,0,4,4,47312,535,0.0113,30131,320,0.0106,364,209,27,25,-27.4,-7.0,36.0,-42.8,-47.4,12.2,119.42,51.71,78.8
2020-09-09,352,31,262,284,1,0,3,4,44480,439,0.0099,30274,331,0.0109,302,210,31,26,-26.0,-6.4,28.0,-43.0,-45.8,12.8,119.99,51.53,78.75
2020-09-10,323,28,269,291,3,1,3,3,39858,423,0.0106,30153,336,0.0112,542,249,26,27,-31.0,-9.4,-2.8,-45.4,-47.2,15.2,117.52,47.97,71.56
2020-09-11,313,31,281,305,4,1,3,3,36571,408,0.0112,30192,349,0.0115,443,267,31,26,-28.2,-7.0,34.6,-40.6,-44.0,12.4,144.16,59.99,100.83
2020-09-12,202,25,287,314,4,0,3,3,17255,254,0.0147,30193,356,0.0118,67,274,12,25,-26.4,-6.8,86.8,-29.4,-18.0,3.4,144.16,60.36,110.01
2020-09-13,254,27,294,321,3,0,3,3,14736,324,0.022,30245,363,0.012,165,282,17,23,-29.4,-11.2,66.0,-34.0,-19.6,4.0,108.24,47.2,76.65
2020-09-14,434,28,325,352,5,0,3,3,45240,563,0.0124,33179,402,0.0121,394,315,31,25,-26.8,-10.6,25.0,-42.2,-42.6,13.0,114.76,50.49,75.44
2020-09-15,338,49,317,348,3,1,3,4,42658,440,0.0103,32850,391,0.0119,346,318,29,25,-25.0,-6.8,26.0,-41.0,-42.6,13.0,118.19,50.35,78.07
2020-09-16,367,38,319,351,6,0,4,4,42799,491,0.0115,32542,396,0.0122,404,332,49,28,-26.6,-10.0,26.2,-43.0,-43.4,13.2,118.17,51.16,79.11
2020-09-17,353,35,323,356,4,0,4,4,41862,478,0.0114,32937,404,0.0123,674,333,33,29,-26.2,-7.4,27.0,-42.2,-43.2,13.2,123.4,53.07,82.06
2020-09-18,283,39,319,353,3,0,4,4,34480,377,0.0109,32759,401,0.0122,224,319,35,29,-28.2,-8.8,18.2,-41.0,-42.8,13.0,142.13,58.55,97.27
2020-09-19,158,23,312,347,5,0,4,4,15464,207,0.0134,32574,393,0.0121,106,325,22,31,-25.8,-7.8,61.8,-29.8,-18.4,3.8,142.23,61.66,109.69
2020-09-20,158,26,299,333,5,0,4,5,12559,204,0.0162,32254,378,0.0117,48,310,21,31,-28.8,-14.0,50.0,-34.2,-20.8,3.6,107.52,50.43,77.22
2020-09-21,513,54,310,348,3,0,4,4,43478,660,0.0152,31896,392,0.0123,497,326,28,31,-27.6,-11.8,8.8,-42.8,-44.2,13.8,108.88,49.18,72.01
2020-09-22,404,56,319,358,3,1,4,4,41005,508,0.0124,31747,402,0.0127,424,337,33,32,-26.2,-8.8,17.4,-42.4,-44.0,13.6,112.39,49.6,75.49
2020-09-23,531,65,343,385,4,0,4,4,46516,650,0.014,31908,424,0.0133,818,394,38,30,-25.8,-8.4,23.0,-42.4,-42.0,13.0,116.76,52.08,79.63
2020-09-24,476,73,360,408,3,1,4,4,41265,588,0.0142,31903,440,0.0138,758,404,43,31,-26.6,-7.4,15.8,-42.0,-42.4,13.2,119.13,52.39,80.37
2020-09-25,456,57,385,436,4,0,4,4,36631,588,0.0161,32446,469,0.0145,543,449,47,33,-28.0,-9.2,15.8,-40.8,-41.2,12.4,141.72,61.3,101.16
2020-09-26,279,34,402,455,5,0,4,4,19408,340,0.0175,33043,487,0.0148,160,458,27,34,-27.6,-8.8,53.2,-30.4,-17.4,3.0,141.1,63.75,112.78
2020-09-27,382,48,434,490,2,2,3,4,14685,461,0.0314,33301,521,0.0156,219,481,34,36,-30.0,-13.8,52.0,-33.2,-18.4,3.4,107.92,49.82,78.37
2020-09-28,436,40,423,477,3,1,3,4,44564,550,0.0123,33166,506,0.0152,334,456,36,37,-28.4,-13.4,11.8,-45.8,-48.4,14.2,107.93,50.37,73.9
2020-09-29,686,71,464,519,7,0,4,5,42898,823,0.0192,33428,548,0.0164,791,510,51,39,-32.2,-13.0,-18.6,-44.4,-43.4,14.2,106.6,47.02,66.64
2020-09-30,582,83,471,529,8,1,5,5,43253,754,0.0174,32937,559,0.017,1115,544,51,41,-25.6,-5.4,7.4,-43.6,-42.6,13.0,112.6,50.69,75.36
2020-10-01,614,79,491,550,5,1,5,6,41788,742,0.0178,33025,581,0.0176,1069,586,41,41,-23.8,-1.0,16.4,-41.2,-40.4,12.2,119.21,54.46,81.35
2020-10-02,597,84,511,574,3,0,5,5,43834,732,0.0167,33984,603,0.0177,1022,656,47,41,-29.4,-6.2,-3.0,-40.6,-40.4,12.8,133.83,59.66,94.32
2020-10-03,277,42,511,574,5,1,5,6,21331,355,0.0166,34294,606,0.0177,377,688,25,41,-25.8,-4.6,49.8,-28.2,-16.4,3.6,138.65,63.07,110.23
2020-10-04,335,64,504,570,7,0,5,6,17668,407,0.023,34705,598,0.0172,435,719,44,42,-28.8,-11.8,40.0,-31.6,-19.2,3.4,104.71,48.4,75.86
2020-10-05,764,116,551,628,0,0,5,5,55426,961,0.0173,36050,653,0.0181,1314,850,56,45,-28.4,-8.4,5.4,-41.4,-42.8,13.0,105.97,49.63,70.99
2020-10-06,568,71,534,611,3,1,4,5,54147,725,0.0134,37710,641,0.017,1165,916,48,45,-26.8,-4.4,17.2,-40.6,-43.4,12.8,109.84,50.57,74.81
2020-10-07,542,84,528,605,4,0,4,4,56606,717,0.0127,39205,636,0.0162,1815,1000,46,44,-30.2,-9.2,1.4,-43.0,-42.6,13.8,110.06,50.36,73.17
2020-10-08,525,76,515,592,6,1,4,4,49842,688,0.0138,40340,628,0.0156,1815,1101,45,44,-28.2,-4.6,9.8,-40.8,-42.6,13.4,115.49,53.56,77.76
2020-10-09,526,92,505,583,2,0,4,4,45203,710,0.0157,40686,623,0.0153,1720,1207,55,46,-31.2,-7.8,8.4,-39.8,-41.4,12.6,138.24,61.5,97.63
2020-10-10,312,43,510,588,4,0,4,4,21732,430,0.0198,40802,634,0.0155,1018,1298,37,47,-30.6,-9.4,47.0,-27.4,-16.8,3.6,140.45,65.53,111.03
2020-10-11,281,50,503,579,7,0,4,4,15884,421,0.0265,40517,633,0.0156,535,1310,46,48,-33.4,-15.6,28.6,-33.4,-19.8,3.8,102.35,48.49,75.44
2020-10-12,515,69,467,536,8,0,5,5,44390,696,0.0157,38988,596,0.0153,997,1268,52,47,-44.4,-29.2,-56.0,-55.2,-55.0,19.4,93.85,42.43,55.64
2020-10-13,588,111,470,545,4,0,5,5,49053,746,0.0152,38269,599,0.0157,5146,1835,50,47,-35.0,-11.0,-25.0,-43.8,-43.4,14.8,101.31,47.13,64.5
2020-10-14,579,139,475,558,6,2,5,6,52846,806,0.0153,37694,606,0.0161,6306,2431,58,49,-26.6,-5.2,15.2,-39.2,-40.6,13.0,111.6,52.71,77.33
2020-10-15,601,131,486,577,8,0,6,6,52150,799,0.0153,38121,622,0.0163,6405,3079,73,53,-26.4,-4.0,18.0,-38.4,-40.8,12.8,117.77,54.51,81.23
2020-10-16,504,126,483,578,7,1,6,7,44421,666,0.015,38065,618,0.0162,6047,3694,51,52,-43.2,-22.6,-44.2,-46.2,-43.0,16.8,121.98,51.44,75.12
2020-10-17,367,108,491,596,6,0,7,7,19567,504,0.0258,37859,629,0.0166,3835,4110,34,52,-27.0,-4.2,32.6,-27.6,-16.4,4.0,137.42,65.09,111.69
2020-10-18,412,117,509,624,4,0,6,7,16342,519,0.0318,37879,643,0.017,5204,4741,40,51,-30.0,-13.0,33.6,-31.0,-17.6,4.2,106.13,50.49,77.14
2020-10-19,626,168,525,654,7,1,6,7,55500,870,0.0157,38988,665,0.017,6360,5479,66,53,-30.4,-10.8,0.4,-40.6,-41.2,13.6,104.5,50.52,70.55
2020-10-20,602,162,527,663,6,0,6,7,50687,787,0.0155,39409,671,0.017,6551,5684,73,56,-30.6,-8.2,1.0,-40.8,-41.8,13.8,106.27,50.32,71.79
2020-10-21,653,166,538,678,5,0,6,6,55741,835,0.015,39584,676,0.0171,7903,5885,50,55,-29.4,-7.2,3.6,-41.8,-40.8,13.8,108.86,51.62,74.84
2020-10-22,759,180,560,707,3,0,5,6,50372,987,0.0196,39482,701,0.0178,8582,6144,52,52,-29.0,-5.4,6.6,-40.4,-40.6,13.6,113.36,53.26,77.51
2020-10-23,602,175,574,728,4,1,5,5,47190,810,0.0172,40048,720,0.018,7425,6376,60,54,-30.4,-6.6,-0.4,-40.0,-40.0,13.2,133.57,62.07,97.57
2020-10-24,385,135,577,735,1,1,4,5,18807,502,0.0267,40007,723,0.0181,4740,6519,46,55,-27.6,-5.0,37.0,-30.0,-16.4,3.8,135.4,64.22,109.72
2020-10-25,362,152,570,732,9,0,5,5,16476,477,0.029,40024,717,0.0179,4941,6507,45,56,-30.8,-11.6,11.2,-34.2,-18.8,4.6,100.99,47.94,71.76
2020-10-26,695,219,580,750,4,1,5,5,54186,917,0.0169,39536,724,0.0183,7931,6726,55,54,-34.4,-13.6,-31.6,-43.8,-41.6,14.4,101.11,48.25,66.59
2020-10-27,739,234,599,779,8,0,5,5,52062,949,0.0182,39667,746,0.0188,8594,7013,45,50,-27.4,-4.2,2.6,-40.6,-41.0,13.0,106.01,50.23,73.06
2020-10-28,784,223,618,806,4,1,5,5,55899,969,0.0173,39620,765,0.0193,9954,7242,45,50,-31.2,-9.6,-17.8,-43.6,-41.0,14.0,105.96,49.65,71.19
2020-10-29,618,229,598,793,4,0,5,5,47513,823,0.0173,39393,743,0.0189,9599,7430,59,51,-40.6,-22.0,-46.4,-49.2,-43.4,16.6,103.17,46.44,62.7
2020-10-30,653,221,605,807,10,0,6,6,46975,837,0.0178,39454,748,0.019,9565,7724,56,50,-34.2,-8.2,-37.4,-45.6,-42.0,15.2,123.86,55.89,83.41
2020-10-31,404,140,608,810,4,0,6,6,18871,539,0.0286,39518,753,0.0191,4616,7702,47,50,-27.2,1.0,17.6,-30.6,-16.8,4.4,125.45,62.81,105.34
2020-11-01,500,236,628,842,12,0,7,7,22095,624,0.0282,40262,774,0.0192,7268,8032,52,51,-37.6,-18.4,-23.6,-39.6,-20.8,6.2,88.23,43.1,60.0
2020-11-02,953,330,664,895,10,0,7,8,60021,1223,0.0204,40832,816,0.02,11492,8536,64,53,-32.4,-10.0,-32.2,-44.8,-40.8,13.8,97.67,47.29,64.31
2020-11-03,903,302,688,928,12,3,8,9,45803,1119,0.0244,40120,838,0.0209,10476,8814,76,57,-28.4,-2.8,-16.6,-45.6,-47.0,15.0,96.74,43.62,68.14
2020-11-04,1111,377,735,997,9,0,9,9,60837,1330,0.0219,40510,890,0.022,10990,8917,66,60,-32.4,-11.8,-5.8,-44.8,-41.2,15.0,94.95,44.2,63.47
2020-11-05,1140,398,809,1095,9,1,9,10,54934,1362,0.0248,41596,961,0.0231,11463,9185,82,63,-29.6,-6.8,4.6,-41.2,-40.4,13.8,103.91,50.18,71.78
2020-11-06,1036,424,864,1179,10,1,9,10,50107,1270,0.0253,42322,1017,0.024,11032,9389,63,64,-31.8,-9.4,1.8,-41.0,-39.2,13.6,120.64,58.54,89.38
2020-11-07,843,356,927,1273,13,0,11,11,21902,1001,0.0457,42770,1079,0.0252,7808,9780,59,66,-27.2,-7.2,58.6,-28.8,-14.6,4.0,122.29,62.59,107.3
2020-11-08,789,370,968,1333,7,1,10,11,18674,931,0.0499,42271,1123,0.0266,7696,9846,65,68,-28.0,-12.0,58.2,-30.8,-16.0,3.8,95.56,50.02,77.06
2020-11-09,1544,541,1052,1448,4,2,9,10,63004,1873,0.0297,42324,1215,0.0287,11126,9795,78,70,-30.8,-10.4,6.6,-42.0,-39.6,13.6,95.92,49.65,69.2
2020-11-10,1591,499,1151,1574,7,0,8,9,62006,1820,0.0294,44425,1312,0.0295,11738,10010,87,71,-28.2,-6.0,12.4,-40.2,-40.2,13.0,100.83,51.29,73.28
2020-11-11,1538,472,1212,1649,9,0,8,9,55184,1775,0.0322,43758,1374,0.0314,12466,10201,94,75,-34.8,-16.2,-29.0,-50.2,-48.8,17.6,95.46,46.52,64.25
2020-11-12,1502,505,1263,1716,16,0,9,10,64035,1704,0.0266,45056,1427,0.0317,13432,10468,79,75,-37.0,-12.4,-37.4,-45.6,-41.8,16.0,92.43,46.26,61.07
2020-11-13,1497,511,1329,1794,5,0,9,9,58157,1807,0.0311,46358,1499,0.0323,13349,10815,89,79,-36.8,-9.8,-34.6,-44.4,-40.8,15.8,112.66,55.02,79.55
2020-11-14,1026,431,1355,1831,9,2,8,9,27774,1282,0.0462,47241,1537,0.0325,9128,10988,101,85,-30.4,-4.8,14.0,-31.8,-15.8,5.4,115.18,60.93,96.46
2020-11-15,897,421,1371,1854,14,0,9,10,22990,1096,0.0477,47782,1555,0.0325,9184,11173,87,88,-36.0,-14.0,-9.2,-38.4,-19.2,6.4,82.05,43.98,61.1
2020-11-16,1832,528,1412,1893,10,0,10,10,73640,2239,0.0304,48775,1608,0.033,13436,11496,123,94,-33.2,-11.8,-20.4,-43.4,-40.6,14.2,92.48,47.23,63.1
2020-11-17,1727,548,1431,1919,10,0,10,11,70409,2077,0.0295,49963,1644,0.0329,12801,11665,101,96,-34.0,-10.0,-25.2,-43.8,-41.4,14.8,93.43,46.72,61.92
2020-11-18,1753,532,1462,1959,10,2,11,11,73692,2161,0.0293,52232,1697,0.0325,14745,11951,120,100,-35.0,-13.4,-32.0,-46.2,-41.6,15.2,94.81,46.02,60.64
2020-11-19,1855,523,1512,2012,9,1,10,10,72394,2325,0.0321,53355,1781,0.0334,15451,12201,131,107,-32.6,-8.2,-24.0,-44.8,-42.6,15.4,97.68,47.14,65.16
2020-11-20,1771,505,1552,2050,7,2,10,11,70996,2328,0.0328,55243,1849,0.0335,14268,12319,133,114,-33.0,-7.8,-9.4,-43.0,-41.6,15.0,117.72,55.9,83.99
2020-11-21,1289,355,1589,2077,11,0,10,11,37510,1591,0.0424,56556,1889,0.0334,9319,12346,120,116,-29.6,-5.6,23.4,-31.8,-15.2,5.8,113.67,57.45,90.48
2020-11-22,1147,413,1625,2111,10,0,10,10,34208,1494,0.0437,58030,1938,0.0334,9916,12470,112,120,-33.8,-12.0,-11.4,-38.6,-17.2,6.4,82.71,43.09,59.21
2020-11-23,2313,581,1694,2187,13,2,10,11,83932,2966,0.0353,58926,2040,0.0346,15672,12798,147,123,-33.0,-10.2,-33.4,-46.2,-43.0,15.2,95.45,45.59,61.27
2020-11-24,2070,606,1743,2245,16,2,11,12,72242,2694,0.0373,58918,2117,0.0359,16301,13302,130,128,-26.8,2.8,-18.4,-43.0,-42.6,14.0,104.23,46.91,67.43
2020-11-25,2367,638,1830,2348,13,0,11,12,68729,2927,0.0426,57793,2224,0.0385,19403,13890,137,130,-21.6,16.2,-15.8,-44.2,-43.6,13.0,110.33,45.05,71.79
2020-11-26,810,379,1681,2178,7,1,11,12,13799,977,0.0708,51039,2046,0.0401,8420,12976,154,133,-62.0,-25.2,-32.4,-66.2,-74.2,23.6,56.33,29.8,38.1
2020-11-27,2300,763,1757,2290,15,1,12,13,50159,2868,0.0572,48424,2124,0.0439,13882,12945,155,136,-39.4,-24.4,-11.2,-54.6,-58.0,19.0,95.11,43.9,69.14
2020-11-28,1786,584,1828,2394,13,2,12,14,31585,2193,0.0694,47661,2208,0.0463,9637,12986,127,137,-36.6,-18.2,3.2,-38.0,-19.6,7.4,99.29,46.86,74.83
2020-11-29,1728,625,1911,2507,15,0,13,14,27055,2097,0.0775,46625,2291,0.0491,10031,12975,163,145,-34.0,-18.6,8.2,-37.2,-18.2,5.6,82.24,41.0,59.5
2020-11-30,2801,790,1980,2607,18,2,14,15,73003,3381,0.0463,44844,2352,0.0524,15270,12895,186,150,-45.6,-30.2,-48.6,-51.2,-46.0,18.0,84.37,39.72,52.24
2020-12-01,3142,987,2133,2814,20,2,14,16,73135,3800,0.052,45097,2504,0.0555,14716,12689,204,161,-31.0,-6.0,-25.6,-44.2,-43.4,15.0,93.5,44.94,62.04
2020-12-02,3005,825,2225,2932,27,0,16,18,77357,3653,0.0472,46358,2605,0.0562,15626,12176,170,166,-34.0,-11.6,-32.4,-47.4,-42.6,16.0,92.74,44.16,61.7
2020-12-03,2883,900,2521,3303,18,2,18,19,71666,3610,0.0504,53202,2952,0.0555,16205,13145,208,173,-31.4,-6.0,-19.8,-45.0,-42.4,15.6,95.52,45.75,66.84
2020-12-04,2809,759,2593,3375,25,1,19,21,68019,3533,0.0519,55453,3041,0.0548,14352,13232,183,177,-38.4,-12.8,-37.6,-46.4,-42.4,16.8,106.5,48.53,74.16
2020-12-05,1881,654,2607,3398,23,1,21,22,33271,2331,0.0701,55724,3057,0.0549,10375,13341,171,184,-40.0,-16.6,-37.6,-43.4,-20.4,9.4,97.33,48.42,74.27
2020-12-06,1756,661,2611,3408,21,0,22,23,27720,2212,0.0798,55858,3070,0.055,10778,13441,180,186,-33.6,-14.2,-19.2,-39.4,-18.0,6.6,82.26,44.62,61.99
2020-12-07,3309,1010,2684,3512,19,1,22,23,80989,4192,0.0518,56755,3182,0.0561,16318,13586,220,191,-34.4,-13.4,-32.0,-46.2,-42.8,15.2,89.28,44.48,60.87
2020-12-08,3064,908,2672,3489,22,1,22,23,75981,3860,0.0508,57187,3191,0.0558,15449,13693,219,193,-35.0,-12.6,-35.0,-47.6,-42.2,15.6,90.71,43.82,60.26
2020-12-09,3109,966,2687,3524,27,2,22,23,74957,3900,0.052,56803,3225,0.0568,16740,13794,276,208,-36.2,-14.6,-37.0,-48.8,-42.8,16.4,92.02,43.81,60.24
2020-12-10,3147,906,2725,3563,25,3,23,24,70937,4043,0.057,56774,3283,0.0578,18170,14058,240,213,-32.0,-6.8,-18.0,-46.2,-42.2,15.2,97.85,46.79,68.23
2020-12-11,2981,893,2750,3606,30,1,24,25,67524,3964,0.0587,56903,3340,0.0587,16036,14278,242,221,-34.0,-9.4,-16.6,-45.4,-41.4,15.2,113.45,53.32,85.55
2020-12-12,2201,584,2795,3642,34,1,25,27,36005,2865,0.0796,57265,3407,0.0595,9016,14046,211,227,-34.2,-10.0,-10.0,-38.0,-17.8,7.4,107.65,53.28,89.45
2020-12-13,2177,899,2855,3736,25,5,26,28,28998,2825,0.0974,57419,3486,0.0607,11280,14092,227,234,-29.6,-11.4,19.6,-36.8,-17.2,5.6,87.83,46.24,72.28
2020-12-14,3579,1084,2894,3785,30,0,28,29,82577,4650,0.0563,57306,3547,0.0619,17120,14176,257,239,-40.0,-19.2,-45.8,-50.4,-44.4,16.6,89.07,42.21,57.13
2020-12-15,3667,950,2980,3878,32,2,29,31,77524,4724,0.0609,57594,3671,0.0637,16806,14359,235,241,-27.6,3.6,-26.6,-45.2,-43.0,13.8,102.48,45.59,66.98
2020-12-16,2785,785,2934,3805,39,1,31,33,72910,3785,0.0519,57202,3646,0.0637,14253,14013,212,232,-41.6,-8.0,-42.8,-51.2,-46.4,18.6,78.61,36.99,50.63
2020-12-17,1925,777,2759,3612,34,4,32,34,41924,2582,0.0616,53800,3447,0.0641,12547,13323,235,231,-62.8,-45.2,-42.4,-63.6,-64.6,28.6,53.84,37.18,41.18
2020-12-18,3429,840,2823,3669,39,1,33,35,74656,4543,0.0609,54692,3529,0.0645,17669,13526,274,236,-44.0,-19.8,-43.2,-47.2,-45.2,18.4,103.54,50.48,71.29
2020-12-19,2559,693,2874,3736,31,3,33,35,39873,3333,0.0836,55265,3596,0.0651,12225,14001,232,239,-37.8,-12.4,-24.6,-37.8,-19.4,8.4,104.78,51.58,78.19
2020-12-20,2349,717,2899,3734,29,4,33,36,34776,3227,0.0928,56000,3640,0.065,12435,14105,244,241,-38.0,-16.2,-33.0,-40.8,-19.6,7.8,80.44,41.36,56.91
2020-12-21,4341,1051,3008,3838,41,3,35,38,89500,5837,0.0652,56709,3798,0.067,19089,14315,328,251,-28.4,-6.6,-31.0,-45.2,-43.2,14.0,104.43,49.23,69.58
2020-12-22,4101,955,3070,3901,53,2,38,41,77117,5438,0.0705,56833,3897,0.0686,19997,14782,284,258,-23.6,1.6,-29.2,-44.4,-44.0,13.6,110.61,49.14,72.77
2020-12-23,3842,938,3221,4074,39,3,38,41,73664,5184,0.0704,56990,4085,0.0717,22072,15803,305,272,-18.2,10.8,-24.0,-44.2,-43.2,12.2,121.78,49.32,77.96
2020-12-24,3015,640,3377,4210,39,2,39,41,49176,4069,0.0827,57823,4280,0.074,14165,15967,279,278,-25.2,17.4,-31.4,-50.8,-54.0,15.4,93.73,36.44,60.9
2020-12-25,1050,601,3037,3836,39,2,39,41,10839,1355,0.125,50421,3860,0.0766,7172,14702,262,276,-77.4,-54.0,-60.4,-74.8,-79.2,28.8,49.77,25.17,34.02
2020-12-26,3450,905,3164,3994,36,2,39,42,38533,4504,0.1169,50146,4014,0.0801,11707,14649,275,282,-46.2,-24.6,-32.2,-47.8,-27.0,10.0,89.16,39.07,60.55
2020-12-27,2886,933,3241,4101,42,3,41,44,33168,3785,0.1141,49806,4083,0.082,11849,14573,248,283,-42.6,-24.8,-20.4,-44.0,-20.6,7.6,80.13,38.96,56.61
2020-12-28,5378,1209,3389,4272,44,3,42,44,79558,7122,0.0895,48131,4273,0.0888,17414,14324,352,286,-33.2,-14.6,-20.0,-49.2,-48.0,16.0,98.51,48.54,71.94
2020-12-29,5207,1012,3547,4438,50,4,41,44,71141,6654,0.0935,47496,4451,0.0937,18372,14093,320,292,-33.0,-11.6,-30.0,-49.8,-49.0,16.4,101.39,47.5,69.1
2020-12-30,4976,1063,3709,4618,40,4,41,44,76132,6533,0.0858,47780,4638,0.0971,20617,13858,319,294,-28.8,-3.2,-27.2,-49.0,-48.2,15.8,104.95,47.95,73.46
2020-12-31,3382,782,3761,4691,41,1,42,44,52912,4481,0.0847,48350,4691,0.097,13573,13819,288,295,-29.8,7.0,-39.8,-52.4,-53.6,17.2,96.14,41.79,71.6
2021-01-01,1323,791,3800,4757,37,4,41,44,14156,1768,0.1249,48771,4735,0.0971,6907,13790,300,300,-66.0,-47.0,-49.6,-72.2,-76.0,28.6,65.46,31.83,49.14
2021-01-02,4192,1073,3906,4887,56,2,44,47,45519,5310,0.1167,49631,4847,0.0977,12627,13897,326,308,-40.4,-14.8,-3.0,-42.6,-25.4,8.8,95.8,45.46,76.34
2021-01-03,3448,994,3987,4976,38,3,44,47,37159,4431,0.1192,50135,4929,0.0983,12864,14025,297,315,-51.4,-30.6,-50.8,-50.6,-24.4,10.0,69.18,35.35,45.3
2021-01-04,6572,1412,4157,5175,61,3,46,49,98086,8404,0.0857,52319,5115,0.0978,19243,14264,395,321,-37.4,-13.0,-32.0,-48.4,-44.0,16.0,87.64,44.94,60.9
2021-01-05,6140,1353,4290,5357,66,5,48,52,86015,7802,0.0907,54300,5278,0.0972,19321,14427,348,325,-36.6,-10.0,-30.6,-48.8,-44.8,16.6,91.0,44.17,60.15
2021-01-06,5660,1267,4388,5484,60,4,51,54,92309,7343,0.0795,56481,5408,0.0957,20736,14437,378,333,-38.4,-14.4,-31.2,-50.2,-44.2,16.8,89.34,42.69,59.39
2021-01-07,5405,1172,4677,5829,52,2,53,56,87032,7159,0.0823,60980,5771,0.0946,19773,15300,356,343,-38.8,-12.4,-29.4,-50.2,-44.4,17.0,90.95,43.69,60.48
2021-01-08,5296,1097,5245,6440,61,3,56,59,86184,7126,0.0827,69438,6482,0.0933,18427,16775,349,350,-42.0,-15.6,-38.8,-50.6,-43.8,17.4,101.23,47.03,67.65
2021-01-09,3690,907,5173,6345,73,2,59,62,43576,5015,0.1151,69455,6435,0.0927,12905,16833,321,349,-40.8,-15.2,-27.6,-44.0,-22.0,9.0,99.97,48.8,72.48
2021-01-10,3201,990,5138,6309,52,4,61,64,36613,4517,0.1234,69426,6426,0.0926,13327,16887,307,351,-40.8,-18.8,-19.2,-45.8,-22.0,8.2,79.12,41.5,56.7
2021-01-11,5889,1357,5040,6203,58,2,60,63,98358,8143,0.0828,68900,6389,0.0927,20463,16997,402,352,-40.4,-18.4,-38.6,-51.4,-44.4,16.8,86.1,43.73,56.67
2021-01-12,5222,1185,4909,6048,73,5,61,64,87001,7079,0.0814,68645,6288,0.0916,19946,17110,381,356,-37.0,-12.2,-25.8,-49.4,-44.8,16.2,90.6,45.54,60.61
2021-01-13,5162,1227,4838,5971,67,2,62,65,89455,7066,0.079,68263,6257,0.0917,21296,17081,429,364,-39.0,-16.0,-31.8,-51.8,-44.8,16.4,89.93,44.82,60.27
2021-01-14,5252,1142,4816,5945,65,5,64,67,87581,7357,0.084,68182,6285,0.0922,21435,17345,437,375,-38.8,-15.0,-22.8,-51.0,-45.6,15.8,92.59,46.38,63.22
2021-01-15,4798,1100,4745,5875,63,5,64,68,79663,6888,0.0865,67500,6255,0.0927,21299,17634,400,382,-44.0,-19.0,-40.8,-52.4,-45.6,16.8,104.96,48.95,70.9
2021-01-16,3479,927,4715,5847,66,3,63,67,41172,4915,0.1194,67191,6237,0.0928,13554,17691,362,388,-42.6,-18.2,-22.2,-46.0,-23.8,8.2,101.3,51.11,77.6
2021-01-17,2907,1045,4673,5813,56,1,64,67,33517,4152,0.1239,66792,6178,0.0925,13799,17730,332,392,-43.2,-23.0,-22.0,-47.4,-24.4,7.4,83.42,44.55,63.88
2021-01-18,4631,1327,4493,5629,74,5,66,70,66515,6533,0.0982,62695,5959,0.0951,19982,17762,435,397,-38.2,-20.6,-27.4,-59.4,-57.6,18.8,91.36,46.19,63.68
2021-01-19,5133,1350,4480,5640,81,5,67,71,94840,7128,0.0752,63092,5982,0.0948,22652,18002,384,397,-40.8,-17.2,-33.4,-51.6,-45.6,16.0,88.29,44.95,57.68
2021-01-20,4906,1275,4444,5610,74,4,68,72,86569,6880,0.0795,62498,5958,0.0953,20973,18054,360,387,-42.8,-22.0,-41.2,-54.6,-46.4,17.6,86.62,42.91,56.5
2021-01-21,4916,1247,4396,5577,63,4,68,72,89229,6933,0.0777,62736,5899,0.094,22588,18131,416,384,-40.0,-16.0,-33.8,-52.0,-45.2,16.6,91.56,46.29,60.7
2021-01-22,4694,1236,4381,5582,79,6,70,74,83907,6734,0.0803,63422,5876,0.0926,22675,18263,434,389,-42.0,-15.6,-36.2,-51.0,-44.6,16.6,104.49,50.79,72.35
2021-01-23,3277,1036,4352,5569,78,7,72,77,39260,4632,0.118,63302,5845,0.0923,15302,18489,327,384,-44.4,-20.4,-36.6,-47.6,-24.4,9.0,101.06,50.12,72.11
2021-01-24,2839,967,4342,5548,67,5,74,79,32580,4082,0.1253,63205,5824,0.0921,14046,18485,339,385,-46.6,-25.4,-37.0,-50.8,-25.0,8.4,77.86,41.47,53.0
2021-01-25,5656,1428,4489,5709,65,5,72,78,98087,8062,0.0822,66326,6026,0.0908,23517,18675,397,380,-41.8,-20.2,-38.0,-52.2,-45.2,16.2,85.67,44.25,56.18
2021-01-26,4701,1249,4427,5632,79,3,72,77,84037,6508,0.0774,65416,5961,0.0911,21585,18718,365,377,-47.0,-24.6,-48.2,-54.6,-47.4,18.0,79.21,41.75,51.75
2021-01-27,4784,1228,4410,5608,91,3,75,79,85570,6764,0.079,65385,5951,0.091,21989,18786,425,386,-41.0,-18.4,-38.0,-52.6,-44.8,16.4,88.29,44.89,58.55
2021-01-28,4670,1177,4374,5563,86,4,78,83,86416,6603,0.0764,65055,5908,0.0908,24076,19011,395,383,-41.4,-17.8,-40.4,-52.6,-45.6,16.8,90.96,44.57,58.04
2021-01-29,3679,1019,4229,5387,88,2,79,83,76900,5497,0.0715,64467,5738,0.089,21323,18833,404,379,-48.8,-25.2,-53.8,-55.2,-46.8,18.8,101.18,45.17,62.15
2021-01-30,2858,836,4170,5299,77,5,79,83,36065,4120,0.1142,64033,5674,0.0886,14373,18702,268,370,-43.2,-14.4,-35.4,-47.6,-24.0,8.8,101.88,48.46,71.0
2021-01-31,2888,957,4177,5304,74,1,80,83,37247,4151,0.1114,64669,5681,0.0878,14003,18693,310,366,-42.8,-5.8,-42.8,-48.2,-23.6,7.8,73.49,37.52,48.29
2021-02-01,977,559,3508,4512,64,1,80,83,24906,1611,0.0647,55847,4812,0.0862,7103,16643,284,350,-82.0,-66.4,-70.6,-75.2,-75.8,34.2,29.24,31.49,26.2
2021-02-02,2663,543,3217,4120,77,5,80,83,45645,3867,0.0847,50673,4449,0.0878,9590,15038,398,355,-62.2,-38.6,-55.2,-63.6,-65.2,27.2,51.95,38.96,39.74
2021-02-03,5130,1095,3266,4150,76,2,77,80,94301,7308,0.0775,51147,4525,0.0885,20402,14730,448,358,-45.6,-19.6,-45.4,-49.8,-47.2,17.8,82.24,47.95,56.62
2021-02-04,4857,1132,3293,4170,91,6,78,81,87996,6767,0.0769,51551,4555,0.0884,22336,14510,427,363,-40.2,-11.2,-38.0,-47.2,-45.2,16.2,92.61,49.5,63.62
2021-02-05,4156,1130,3361,4254,81,3,77,80,81433,6137,0.0754,52526,4641,0.0884,22645,14678,444,368,-42.6,-14.4,-41.8,-48.6,-44.2,17.0,103.59,53.23,73.76
2021-02-06,3083,874,3393,4292,77,5,77,80,39007,4504,0.1155,52956,4694,0.0886,14412,14696,357,381,-37.2,-2.6,-24.2,-40.0,-19.8,7.2,105.58,56.69,82.13
2021-02-07,1649,734,3216,4083,80,2,78,81,21380,2349,0.1099,50915,4450,0.0874,10582,14240,313,382,-62.0,-39.0,-50.8,-54.6,-31.4,11.8,52.05,36.84,40.51
2021-02-08,4432,1177,3710,4665,83,3,81,84,94304,6389,0.0677,58389,5088,0.0871,22491,16092,391,397,-43.4,-21.2,-46.0,-50.2,-46.4,16.6,83.49,46.25,54.94
2021-02-09,3725,1040,3862,4888,71,1,80,83,84172,5384,0.064,63003,5291,0.084,20807,17572,403,398,-42.0,-16.8,-47.0,-50.8,-46.0,17.0,84.17,45.22,55.14
2021-02-10,3779,999,3669,4681,79,1,80,83,86770,5458,0.0629,62368,5036,0.0807,23547,18001,371,387,-37.8,-12.8,-40.6,-49.2,-44.4,15.8,91.66,48.34,60.36
2021-02-11,3423,926,3464,4447,96,2,81,83,80499,4830,0.06,61581,4783,0.0777,23409,18155,321,371,-40.4,-16.4,-43.0,-49.4,-45.4,16.8,90.94,48.42,59.87
2021-02-12,3321,855,3345,4288,81,3,81,83,69074,4985,0.0722,60322,4619,0.0766,21483,18042,338,356,-40.2,-14.0,-45.6,-50.6,-46.6,16.8,110.32,56.88,78.02
2021-02-13,2203,827,3219,4156,81,5,82,84,33039,3293,0.0997,59661,4459,0.0747,13999,17980,284,346,-38.8,-8.6,-38.4,-44.4,-22.6,8.0,105.82,58.03,86.04
2021-02-14,1894,805,3254,4201,80,1,82,84,25355,2727,0.1076,60164,4499,0.0748,12838,18276,253,337,-39.2,-18.8,-34.8,-44.0,-22.6,7.4,87.87,50.41,78.0
2021-02-15,2843,710,3027,3907,82,5,81,84,58366,4203,0.072,55715,4208,0.0755,14410,17341,323,328,-41.2,-23.8,-48.0,-56.8,-59.2,19.4,79.38,46.49,56.29
2021-02-16,3723,965,3027,3896,85,2,83,86,82292,5214,0.0634,54950,4196,0.0764,21797,17412,352,320,-38.4,-18.2,-32.2,-50.0,-48.0,16.0,86.59,47.91,60.75
2021-02-17,3442,1041,2978,3854,81,3,84,87,77164,4951,0.0642,53651,4132,0.077,22874,17326,291,309,-34.4,-9.6,-39.2,-49.2,-46.0,15.0,97.2,49.47,64.19
2021-02-18,2041,805,2781,3639,54,3,78,81,53152,2928,0.0551,50268,3868,0.077,17584,16549,264,301,-60.4,-39.4,-59.2,-58.2,-55.8,23.8,54.65,39.95,40.64
2021-02-19,3025,999,2739,3618,57,2,74,77,67025,4383,0.0654,50076,3779,0.0755,22280,16634,306,296,-50.4,-28.0,-54.0,-53.0,-51.0,21.0,84.23,50.39,60.97
2021-02-20,2495,934,2780,3675,69,3,73,75,35992,3638,0.1011,50421,3822,0.0758,15281,16798,297,298,-39.0,-15.2,-30.0,-41.6,-22.4,7.6,102.12,56.93,79.66
2021-02-21,2276,591,2835,3699,59,2,70,72,30886,3171,0.1027,51026,3879,0.076,10135,16439,274,301,-39.4,-20.4,-27.8,-42.8,-21.8,7.0,81.09,46.32,60.56
2021-02-22,3614,982,2945,3848,74,0,68,71,92833,5214,0.0562,54542,4012,0.0736,23745,17413,345,304,-45.4,-27.8,-52.0,-51.6,-45.6,17.2,80.78,44.55,51.46
2021-02-23,3469,1064,2909,3825,72,6,67,69,84717,4825,0.057,55416,3965,0.0716,22732,17742,332,301,-35.6,-13.4,-38.6,-47.6,-44.4,15.4,91.02,49.19,61.05
2021-02-24,3464,1005,2912,3823,80,3,66,69,86423,4859,0.0562,56749,3956,0.0697,24254,17888,356,311,-30.8,-10.4,-19.2,-46.2,-43.0,14.2,97.97,53.24,69.5
2021-02-25,3480,987,3118,4055,74,6,69,72,85071,4804,0.0565,60789,4218,0.0694,24393,18765,296,315,-32.8,-11.6,-24.0,-46.4,-43.8,14.6,100.45,53.37,69.5
2021-02-26,3241,988,3148,4084,71,3,71,75,77454,4671,0.0603,62417,4255,0.0682,22985,18855,323,318,-36.0,-13.6,-27.8,-46.2,-43.8,14.8,115.51,59.3,83.29
2021-02-27,2010,802,3079,3996,65,2,71,74,32154,2944,0.0916,62104,4157,0.0669,15107,18843,234,309,-38.0,-17.6,-28.2,-42.6,-22.6,7.6,107.24,57.19,84.85
2021-02-28,2031,892,3044,4004,69,3,72,75,27457,2870,0.1045,61695,4110,0.0666,14386,19417,243,304,-40.4,-23.0,-40.8,-44.2,-23.4,7.4,82.29,45.46,58.27
2021-03-01,3722,1187,3060,4049,62,2,70,74,89591,5209,0.0581,60790,4105,0.0675,26601,19761,328,302,-36.4,-16.2,-36.6,-48.0,-44.4,15.0,90.64,49.76,61.36
2021-03-02,3108,1027,3008,3992,54,2,68,71,79416,4298,0.0541,60212,4033,0.067,22514,19736,270,293,-36.4,-16.6,-39.4,-48.4,-44.8,15.4,93.74,49.45,61.41
2021-03-03,3234,1135,2975,3978,72,2,67,70,81421,4516,0.0555,59616,3995,0.067,25834,19929,307,286,-29.4,-9.0,-12.4,-45.0,-43.4,14.2,99.76,54.22,70.64
2021-03-04,3110,1005,2922,3927,62,2,65,67,75960,4422,0.0582,58522,3944,0.0674,24665,19966,303,287,-33.4,-11.8,-30.8,-46.8,-44.2,15.2,99.24,52.58,67.15
2021-03-05,2879,914,2871,3865,55,0,63,65,71694,4178,0.0583,58262,3877,0.0665,24106,20043,260,278,-37.2,-14.2,-38.6,-47.0,-43.6,15.6,115.47,59.82,80.81
2021-03-06,2042,702,2875,3855,56,1,61,63,31136,2946,0.0946,58117,3872,0.0666,14340,19935,240,279,-34.6,-13.4,-25.8,-41.0,-21.6,6.6,112.89,61.25,88.32
2021-03-07,1873,856,2853,3828,61,1,60,62,28001,2654,0.0948,58177,3836,0.0659,14808,19971,252,280,-34.6,-17.4,-12.4,-41.4,-21.0,6.0,88.3,49.37,67.59
2021-03-08,3395,1176,2806,3779,71,3,62,63,88013,4775,0.0543,57314,3769,0.0658,25436,19923,291,275,-34.6,-15.6,-28.4,-47.6,-44.0,15.0,92.74,50.18,63.26
2021-03-09,3325,1091,2837,3820,71,1,64,65,76562,4529,0.0592,56946,3809,0.0669,22721,20044,286,277,-28.2,-9.2,11.8,-44.4,-43.2,13.6,99.67,55.16,74.94
2021-03-10,3191,1114,2831,3810,62,3,63,64,77318,4421,0.0572,56458,3798,0.0673,24627,19907,281,273,-29.6,-10.2,-6.2,-46.0,-43.0,14.0,101.19,55.13,72.94
2021-03-11,3088,1027,2828,3810,58,2,62,64,76427,4301,0.0563,56619,3784,0.0668,23993,19805,296,272,-26.2,-7.8,18.8,-43.8,-43.0,13.2,107.79,59.41,83.05
2021-03-12,3200,900,2873,3854,75,1,65,67,75434,4546,0.0603,57306,3834,0.0669,21602,19457,295,277,-30.6,-10.8,5.6,-44.0,-42.6,13.6,107.79,59.41,83.05
2021-03-13,2173,835,2892,3892,63,3,66,68,32771,3061,0.0934,57537,3845,0.0668,12263,19188,211,273,-29.4,-11.0,8.0,-36.2,-20.4,5.4,120.6,66.01,103.34
2021-03-14,1914,826,2898,3894,42,3,63,65,27236,2727,0.1001,57454,3848,0.067,12040,18802,247,272,-32.0,-18.0,-1.4,-38.6,-21.2,5.6,93.15,51.24,71.65
2021-03-15,3378,1106,2896,3881,47,2,60,62,85156,4587,0.0539,56667,3830,0.0676,24691,18669,285,272,-35.0,-17.8,-35.8,-48.0,-44.0,15.2,95.92,51.72,64.28
2021-03-16,3185,1011,2876,3850,66,1,59,61,78640,4352,0.0553,56913,3812,0.067,21544,18477,245,266,-33.6,-13.6,-33.2,-47.2,-44.0,15.2,97.87,51.93,65.16
2021-03-17,3161,1137,2871,3849,47,1,57,59,78224,4329,0.0553,57098,3803,0.0666,22631,18234,266,264,-27.8,-10.0,-22.4,-45.6,-42.8,14.0,102.88,55.54,73.71
2021-03-18,2910,996,2846,3819,61,1,57,59,75391,4028,0.0534,57144,3772,0.066,22051,17942,291,263,-37.0,-19.8,-45.0,-48.8,-44.8,16.2,100.84,52.39,65.49
2021-03-19,3033,1036,2822,3814,44,1,53,55,68913,4352,0.0632,56536,3739,0.0661,21989,17945,245,256,-31.6,-11.4,-30.4,-44.8,-42.8,14.0,122.11,64.27,89.96
2021-03-20,2153,906,2819,3822,50,3,51,53,32096,3076,0.0958,56534,3730,0.066,13098,18051,253,262,-24.4,-8.4,32.4,-32.6,-19.4,3.6,127.48,71.42,116.37
2021-03-21,2068,837,2841,3845,50,0,52,53,30085,2868,0.0953,56824,3744,0.0659,12094,18047,251,262,-23.0,-12.8,53.2,-33.2,-19.0,3.6,102.58,58.16,89.46
2021-03-22,3839,1260,2907,3933,57,1,54,55,91446,5248,0.0574,57400,3837,0.0668,26366,18310,317,267,-26.6,-12.0,1.2,-43.6,-42.8,13.0,102.11,57.38,75.66
2021-03-23,3212,1120,2911,3953,54,0,52,53,80680,4372,0.0542,57787,3842,0.0665,24124,18728,265,270,-25.4,-9.0,9.0,-43.2,-43.4,12.8,105.89,58.26,78.22
2021-03-24,3435,1183,2950,3998,42,3,51,52,80642,4628,0.0574,57972,3888,0.0671,24245,18933,277,271,-33.4,-19.0,-34.4,-47.0,-44.4,14.8,102.82,54.44,67.59
2021-03-25,3735,1238,3068,4151,70,3,52,54,82254,5118,0.0622,59048,4030,0.0682,26262,19444,275,269,-24.0,-5.6,4.4,-43.0,-43.4,12.8,112.0,61.31,84.34
2021-03-26,3386,1041,3118,4202,64,0,55,57,73733,4749,0.0644,59951,4087,0.0682,23695,19660,298,277,-27.6,-10.6,7.6,-42.0,-43.4,12.4,131.81,71.72,104.12
2021-03-27,2199,828,3125,4197,54,6,56,58,33585,3223,0.096,60186,4097,0.0681,13941,19767,252,276,-24.4,-9.8,52.6,-30.6,-19.6,3.2,132.83,78.01,124.12
2021-03-28,1721,735,3075,4133,55,1,57,59,26039,2453,0.0942,59710,4037,0.0676,12315,19815,193,268,-41.4,-27.8,-37.6,-45.4,-26.8,7.4,86.56,49.34,64.85
2021-03-29,3505,1207,3028,4078,49,4,55,58,80118,4910,0.0613,58024,3996,0.0689,26246,19740,269,261,-27.0,-13.6,-12.6,-47.0,-48.6,13.6,105.78,59.93,78.35
2021-03-30,3136,989,3017,4048,41,5,54,57,70909,4438,0.0626,56670,4011,0.0708,23846,19741,246,259,-22.6,-6.6,14.4,-43.4,-47.6,12.6,116.9,64.34,88.27
2021-03-31,3146,1000,2975,3981,61,3,56,59,73364,4513,0.0615,55668,3993,0.0717,23769,19681,269,257,-28.4,-12.4,-23.0,-46.6,-48.0,14.2,110.72,59.61,77.38
2021-04-01,2826,855,2846,3796,57,0,54,57,69722,4155,0.0596,54232,3868,0.0713,23892,19378,241,253,-26.6,-6.2,-23.8,-46.0,-47.8,14.2,114.31,62.32,82.22
2021-04-02,2585,813,2731,3649,55,0,53,56,60674,3865,0.0637,52723,3745,0.071,22191,19188,240,244,-33.2,-10.2,-33.8,-49.4,-51.2,16.2,125.54,67.7,93.93
2021-04-03,2024,602,2706,3592,47,2,52,54,33744,3056,0.0906,52818,3718,0.0704,13603,19141,218,239,-26.0,-4.2,22.8,-34.0,-21.2,4.6,126.17,70.84,110.18
2021-04-04,1459,622,2669,3538,48,1,51,53,22985,2141,0.0931,52495,3675,0.07,12550,19192,199,240,-36.4,-18.0,45.0,-36.6,-26.6,3.0,88.16,54.61,73.8
2021-04-05,3234,1008,2630,3471,53,2,52,54,94899,4653,0.049,54270,3647,0.0672,29925,19518,247,237,-25.2,-10.8,9.4,-43.8,-44.2,12.8,112.24,62.2,82.6
2021-04-06,2970,964,2606,3444,46,2,52,54,81818,4196,0.0513,55780,3618,0.0649,25911,19907,208,232,-23.4,-6.0,21.6,-41.6,-42.6,12.0,114.69,66.56,87.16
2021-04-07,2735,871,2548,3367,42,4,50,51,79945,3987,0.0499,56668,3550,0.0626,25899,20249,204,222,-22.6,-7.2,18.0,-41.8,-42.8,12.0,116.1,66.58,88.34
2021-04-08,2526,772,2505,3312,53,1,49,51,80428,3769,0.0469,58155,3489,0.06,23201,20258,199,216,-21.6,-4.6,24.2,-40.4,-41.8,11.6,120.86,68.87,94.18
2021-04-09,2441,791,2484,3288,50,7,48,51,71316,3550,0.0498,59601,3447,0.0578,22110,20224,190,209,-30.0,-11.2,-11.4,-42.2,-42.0,12.8,132.96,75.01,104.03
2021-04-10,1670,644,2434,3244,48,5,49,52,33846,2587,0.0764,59629,3379,0.0567,12763,20087,176,203,-24.8,-9.4,44.2,-31.4,-19.6,3.4,135.41,79.26,125.22
2021-04-11,1269,673,2406,3224,50,4,49,52,24175,1903,0.0787,59738,3342,0.0559,11918,19948,143,195,-39.2,-26.0,-40.8,-43.4,-24.2,7.2,93.71,54.1,68.01
2021-04-12,2456,881,2295,3095,40,0,47,50,84293,3646,0.0433,57758,3210,0.0556,25139,19190,174,185,-34.6,-16.4,-39.6,-46.4,-43.0,14.4,103.27,59.42,69.53
2021-04-13,2269,788,2195,2969,35,1,45,49,71688,3334,0.0465,56385,3095,0.0549,21368,18665,184,181,-24.2,-5.0,16.4,-41.0,-41.6,12.0,112.99,65.82,85.59
2021-04-14,2179,686,2116,2864,30,6,44,47,74372,3240,0.0436,55588,2990,0.0538,20281,17939,171,177,-24.8,-8.6,10.8,-42.0,-41.6,12.0,113.84,64.97,85.22
2021-04-15,1934,626,2031,2758,31,7,41,45,72589,2899,0.0399,54749,2873,0.0525,19871,17508,196,176,-36.6,-20.6,-39.0,-46.8,-43.4,15.2,109.01,61.73,73.57
2021-04-16,1749,625,1932,2636,22,9,37,41,66658,2889,0.0433,54663,2777,0.0508,18251,17051,170,173,-30.6,-11.4,-21.2,-42.6,-41.0,13.0,135.42,76.38,103.44
