date,total_cases,new_cases,weekly_new_cases_average,new_cases_yesterday,new_deaths,weeky_new_deaths_average,new_deaths_yesterday,new_tests,weekly_new_tests_average,new_tests_yesterday,positive_rate,total_vaccinations,total_vaccinations_yesterday,people_vaccinated,people_vaccinated_yesterday,people_fully_vaccinated,people_fully_vaccinated_yesterday,population_not_staying_at_home,population_not_staying_at_home_previous_week_average,stringency_index,apple_driving,apple_transit,apple_walking,retail_and_recreation_percent_change_from_baseline,grocery_and_pharmacy_percent_change_from_baseline,parks_percent_change_from_baseline,transit_stations_percent_change_from_baseline,workplaces_percent_change_from_baseline,residential_percent_change_from_baseline
2020-03-01,32,7,1,8,0,0,1,372,0,0,0,0,0,0,0,0,0,256927484,261262175,8.33,100,100,100,13,9,18,7,3,-1
2020-03-02,55,23,2,7,5,0,0,521,53,372,0,0,0,0,0,0,0,264492354,261262225,11.11,103,98,100,7,6,10,2,3,-1
2020-03-03,74,19,6,23,1,1,5,913,128,521,0,0,0,0,0,0,0,268733445,264089753,11.11,105,99,102,11,10,20,3,2,-1
2020-03-04,107,33,8,19,4,1,1,896,258,913,0,0,0,0,0,0,0,267573421,264553537,11.11,108,99,101,8,6,17,2,3,-1
2020-03-05,184,77,13,33,1,2,4,1199,386,896,0,0,0,0,0,0,0,271777284,264553502,20.37,126,108,121,8,7,21,2,3,-1
2020-03-06,237,53,24,77,2,2,1,1523,557,1199,0,0,0,0,0,0,0,270142601,265018975,20.37,115,97,132,5,3,12,2,2,-1
2020-03-07,403,166,31,53,3,2,2,1789,775,1523,0.042,0,0,0,0,0,0,264905803,265498258,20.37,91,85,100,10,8,29,7,5,-1
2020-03-08,519,116,54,166,4,2,3,1666,1030,1789,0.053,0,0,0,0,0,0,256927360,265498279,20.37,103,92,95,10,7,40,5,2,-1
2020-03-09,594,75,70,116,1,3,4,2297,1215,1666,0.065,0,0,0,0,0,0,264492258,265899606,20.37,103,100,95,6,6,31,-1,0,0
2020-03-10,782,188,77,75,6,2,1,3297,1469,2297,0.076,0,0,0,0,0,0,265487100,265899518,20.37,103,101,97,6,7,18,-3,-2,1
2020-03-11,1147,365,101,188,5,3,6,4653,1810,3297,0.076,0,0,0,0,0,0,267573375,265899452,21.76,108,103,101,8,10,26,-2,-1,0
2020-03-12,1586,439,149,365,10,3,5,8540,2346,4653,0.069,0,0,0,0,0,0,265260791,265899416,30.09,125,113,127,6,23,19,-6,-3,1
2020-03-13,2219,633,200,439,8,4,10,11407,3395,8540,0.057,0,0,0,0,0,0,266788145,266364797,30.09,121,102,140,2,26,4,-10,-7,3
2020-03-14,2978,759,283,633,7,5,8,13009,4807,11407,0.051,0,0,0,0,0,0,253046319,266364627,35.65,87,81,90,-6,18,3,-10,-1,3
2020-03-15,3212,234,368,759,12,6,7,14494,6410,13009,0.058,0,0,0,0,0,0,240069757,266364610,41.2,98,98,92,-9,12,5,-13,-7,3
2020-03-16,4679,1467,385,234,27,7,12,27512,8242,14494,0.048,0,0,0,0,0,0,251297496,266364596,52.31,102,97,94,-8,21,-1,-22,-20,8
2020-03-17,6512,1833,584,1467,37,11,27,39951,11845,27512,0.055,0,0,0,0,0,0,242762850,265900832,55.09,102,97,94,-18,14,8,-26,-27,11
2020-03-18,9169,2657,819,1833,60,15,37,50542,17081,39951,0.059,0,0,0,0,0,0,237776341,265900826,55.09,108,101,100,-24,8,6,-30,-31,13
2020-03-19,13663,4494,1146,2657,72,23,60,61284,23636,50542,0.065,0,0,0,0,0,0,235936749,264969898,67.13,126,111,125,-28,7,2,-36,-33,15
2020-03-20,20030,6367,1725,4494,106,32,72,76591,31171,61284,0.062,0,0,0,0,0,0,236598734,264490690,67.13,122,103,141,-32,5,-2,-37,-36,16
2020-03-21,26025,5995,2544,6367,103,46,106,75688,40483,76591,0.066,0,0,0,0,0,0,226362917,262796478,72.69,85,80,88,-40,-2,-3,-36,-24,12
2020-03-22,34898,8873,3292,5995,121,60,103,74068,49437,75688,0.076,0,0,0,0,0,0,227815906,260388249,72.69,99,96,92,-44,-13,-12,-44,-31,11
2020-03-23,46136,11238,4527,8873,192,75,121,79728,57948,74068,0.089,0,0,0,0,0,0,238044915,258503283,72.69,102,98,94,-38,-10,-23,-47,-41,17
2020-03-24,56755,10619,5922,11238,243,99,192,104657,65407,79728,0.093,0,0,0,0,0,0,236067978,255256962,72.69,102,98,95,-39,-12,-10,-46,-45,19
2020-03-25,68837,12082,7178,10619,333,128,243,114614,74651,104657,0.1,0,0,0,0,0,0,235465302,251000243,72.69,108,101,98,-40,-15,-7,-47,-46,19
2020-03-26,86693,17856,8524,12082,419,167,333,129216,83804,114614,0.109,0,0,0,0,0,0,235687119,246811094,72.69,124,111,122,-40,-14,3,-48,-47,20
2020-03-27,105383,18690,10433,17856,522,217,419,135914,93509,129216,0.12,0,0,0,0,0,0,236356690,242498321,72.69,123,107,143,-42,-16,-7,-49,-46,21
2020-03-28,125013,19630,12193,18690,642,276,522,122476,101984,135914,0.131,0,0,0,0,0,0,229692109,238686406,72.69,92,84,93,-48,-19,-25,-49,-34,15
2020-03-29,143912,18899,14141,19630,624,353,642,110862,108668,122476,0.136,0,0,0,0,0,0,223800199,236935856,72.69,103,98,92,-47,-22,-19,-51,-38,12
2020-03-30,165987,22075,15573,18899,713,425,624,123199,113924,110862,0.143,0,0,0,0,0,0,236422986,235042630,72.69,107,101,96,-40,-18,-15,-50,-48,19
2020-03-31,192301,26314,17122,22075,1085,499,713,142530,120134,123199,0.15,0,0,0,0,0,0,233796282,234086220,72.69,109,102,100,-40,-16,-16,-49,-49,20
2020-04-01,224560,32259,19364,26314,1283,620,1085,153218,125544,142530,0.158,0,0,0,0,0,0,235118758,233756072,72.69,118,107,108,-37,-11,-7,-48,-49,20
2020-04-02,256792,32232,22246,32259,1512,755,1283,162089,131059,153218,0.162,0,0,0,0,0,0,234788444,233720410,72.69,145,119,148,-40,-11,-9,-51,-50,21
2020-04-03,289087,32295,24300,32232,1431,912,1512,169169,135755,162089,0.174,0,0,0,0,0,0,236473007,233685832,72.69,133,108,159,-42,-12,-21,-51,-50,22
2020-04-04,321477,32390,26243,32295,1563,1041,1431,147460,140506,169169,0.181,0,0,0,0,0,0,228320083,234161431,72.69,102,92,116,-48,-15,-24,-50,-37,15
2020-04-05,351354,29877,28066,32390,1615,1173,1563,138642,144075,147460,0.183,0,0,0,0,0,0,224143277,233587759,72.69,111,102,108,-49,-20,-20,-54,-40,13
2020-04-06,382747,31393,29635,29877,1771,1315,1615,142740,148044,138642,0.199,0,0,0,0,0,0,233868989,233356055,72.69,109,105,100,-42,-16,-10,-52,-50,20
2020-04-07,413516,30769,30966,31393,2575,1466,1771,180022,150835,142740,0.191,0,0,0,0,0,0,234175651,233031527,72.69,111,105,103,-42,-14,-2,-51,-51,21
2020-04-08,444731,31215,31602,30769,2160,1679,2575,168130,156191,180022,0.193,0,0,0,0,0,0,234317532,232982020,72.69,115,106,106,-42,-15,-6,-51,-51,21
2020-04-09,480667,35936,31453,31215,2203,1804,2160,174069,158322,168130,0.196,0,0,0,0,0,0,232563714,232853638,72.69,136,117,136,-43,-13,-21,-54,-52,22
2020-04-10,515081,34414,31982,35936,2194,1903,2203,171544,160033,174069,0.195,0,0,0,0,0,0,237228129,232870255,72.69,134,111,162,-43,-13,-21,-54,-56,24
2020-04-11,544183,29102,32285,34414,2127,2012,2194,210532,160372,171544,0.186,0,0,0,0,0,0,233607755,232674251,72.69,99,87,106,-45,-7,-16,-49,-38,14
2020-04-12,571440,27257,31815,29102,1874,2092,2127,111747,169383,210532,0.193,0,0,0,0,0,0,216955650,232723262,72.69,106,99,99,-63,-39,-36,-56,-45,13
2020-04-13,598380,26940,31441,27257,2009,2129,1874,114443,165541,111747,0.182,0,0,0,0,0,0,231203521,232358406,72.69,110,100,103,-45,-22,-31,-55,-51,21
2020-04-14,627205,28825,30805,26940,2434,2163,2009,162275,161498,114443,0.188,0,0,0,0,0,0,236910989,232412601,72.69,112,101,102,-40,-16,-15,-50,-50,20
2020-04-15,652611,25406,30527,28825,2612,2143,2434,172261,158963,162275,0.183,0,0,0,0,0,0,239779400,232298140,72.69,119,103,108,-36,-13,-16,-49,-49,20
2020-04-16,682626,30015,29697,25406,2143,2208,2612,184030,159553,172261,0.179,0,0,0,0,0,0,235346306,231980322,72.69,140,116,136,-39,-13,-14,-50,-49,21
2020-04-17,715656,33030,28851,30015,2110,2199,2143,197548,160976,184030,0.171,0,0,0,0,0,0,242679263,232088196,72.69,138,110,156,-42,-17,-22,-51,-48,22
2020-04-18,743588,27932,28654,33030,1973,2187,2110,166774,164691,197548,0.175,0,0,0,0,0,0,233607847,232843578,72.69,101,85,102,-45,-15,-20,-47,-33,14
2020-04-19,769684,26096,28486,27932,1971,2165,1973,133911,158440,166774,0.169,0,0,0,0,0,0,231331090,231816774,72.69,108,98,99,-45,-19,-10,-50,-37,11
2020-04-20,799512,29828,28321,26096,2229,2179,1971,159498,161606,133911,0.167,0,0,0,0,0,0,241865897,231435993,72.69,113,100,105,-39,-16,-7,-49,-48,19
2020-04-21,825429,25917,28733,29828,2514,2210,2229,221122,168042,159498,0.159,0,0,0,0,0,0,237925262,231826756,72.69,113,102,105,-38,-14,-8,-49,-49,20
2020-04-22,854288,28859,28318,25917,2460,2222,2514,235347,176449,221122,0.151,0,0,0,0,0,0,239024593,232607023,72.69,120,104,112,-38,-14,-9,-48,-49,20
2020-04-23,887858,33570,28811,28859,2456,2200,2460,232524,185461,235347,0.152,0,0,0,0,0,0,239393718,233004536,72.69,140,112,134,-40,-14,-14,-50,-49,21
2020-04-24,920185,32327,29319,33570,2188,2245,2456,258812,192389,232524,0.145,0,0,0,0,0,0,240960619,233783269,72.69,137,107,156,-40,-16,-14,-50,-48,21
2020-04-25,950581,30396,29218,32327,1711,2256,2188,219246,201141,258812,0.143,0,0,0,0,0,0,236388646,233783282,72.69,102,84,108,-41,-11,2,-42,-32,12
2020-04-26,977082,26501,29570,30396,1399,2218,1711,171263,208637,219246,0.141,0,0,0,0,0,0,230029624,235836917,72.69,110,97,105,-42,-16,-11,-48,-36,11
2020-04-27,1000785,23703,29628,26501,1508,2137,1399,225797,213973,171263,0.131,0,0,0,0,0,0,240448363,237360113,72.69,111,92,103,-35,-13,-4,-48,-46,18
2020-04-28,1025362,24577,28753,23703,2224,2034,1508,268786,223444,225797,0.126,0,0,0,0,0,0,241303322,237505009,72.69,111,90,102,-34,-10,6,-45,-48,12
2020-04-29,1051800,26438,28562,24577,2418,1992,2224,294567,230254,268786,0.121,0,0,0,0,0,0,240571360,237397180,72.69,108,79,96,-34,-11,-7,-46,-47,19
2020-04-30,1081020,29220,28216,26438,2195,1986,2418,322049,238714,294567,0.112,0,0,0,0,0,0,241395947,237975381,72.69,117,77,106,-34,-9,-7,-47,-47,19
2020-05-01,1115946,34926,27595,29220,1909,1949,2195,336744,251503,322049,0.107,0,0,0,0,0,0,245469060,237729861,72.69,103,65,105,-32,-7,7,-43,-45,18
2020-05-02,1143296,27350,27966,34926,1731,1909,1909,268373,262636,336744,0.102,0,0,0,0,0,0,240910494,238127118,72.69,76,50,70,-34,-4,28,-35,-29,10
2020-05-03,1167593,24297,27531,27350,1190,1912,1731,215031,269654,268373,0.1,0,0,0,0,0,0,234058659,237941194,72.69,84,51,69,-34,-8,22,-40,-31,8
2020-05-04,1191678,24085,27216,24297,1379,1882,1190,250239,275907,215031,0.097,0,0,0,0,0,0,243138754,237738689,72.69,77,44,64,-29,-7,5,-44,-44,16
2020-05-05,1216209,24531,27270,24085,2242,1864,1379,319658,279398,250239,0.094,0,0,0,0,0,0,243338593,238221269,72.69,73,40,59,-28,-3,5,-43,-45,17
2020-05-06,1240769,24560,27264,24531,2314,1866,2242,358717,286666,319658,0.089,0,0,0,0,0,0,243082963,238442236,72.69,70,37,56,-29,-6,6,-43,-44,17
2020-05-07,1268180,27411,26996,24560,1929,1851,2314,361074,295830,358717,0.087,0,0,0,0,0,0,244452590,238728269,72.69,74,36,60,-29,-3,21,-42,-44,17
2020-05-08,1295019,26839,26737,27411,1763,1813,1929,401370,301405,361074,0.083,0,0,0,0,0,0,244390454,239372332,72.69,62,29,52,-32,-5,-2,-43,-43,18
2020-05-09,1320155,25136,25582,26839,1468,1793,1763,335175,310637,401370,0.079,0,0,0,0,0,0,240636276,240018310,72.69,46,25,40,-30,7,9,-35,-26,9
2020-05-10,1339022,18867,25266,25136,978,1755,1468,249085,320181,335175,0.076,0,0,0,0,0,0,237029885,240593886,72.69,56,28,44,-30,1,6,-37,-27,7
2020-05-11,1358293,19271,24490,18867,1042,1725,978,318895,325045,249085,0.073,0,0,0,0,0,0,250869759,240978228,72.69,56,28,46,-31,-11,-3,-44,-42,16
2020-05-12,1381241,22948,23802,19271,1599,1677,1042,419910,334853,318895,0.07,0,0,0,0,0,0,252630494,241268981,72.69,55,27,46,-28,-6,10,-41,-43,16
2020-05-13,1401649,20408,23576,22948,1727,1585,1599,449034,349175,419910,0.066,0,0,0,0,0,0,251340962,241627781,72.69,57,27,48,-26,-5,18,-40,-42,16
2020-05-14,1428467,26818,22983,20408,1796,1501,1727,448697,362078,449034,0.063,0,0,0,0,0,0,252117423,242064445,72.69,62,28,52,-28,-5,17,-42,-43,17
2020-05-15,1453214,24747,22898,26818,1668,1482,1796,444912,374595,448697,0.061,0,0,0,0,0,0,253253483,241910358,72.69,53,24,44,-29,-7,21,-40,-42,16
2020-05-16,1477373,24159,22599,24747,1198,1468,1668,365016,380815,444912,0.062,0,0,0,0,0,0,248312330,241871184,72.69,43,22,38,-30,-3,32,-34,-24,9
2020-05-17,1495736,18363,22460,24159,821,1430,1198,304396,385078,365016,0.057,0,0,0,0,0,0,250631690,242295645,72.69,54,27,45,-30,-8,17,-39,-25,8
2020-05-18,1518126,22390,22388,18363,1227,1407,821,353687,392980,304396,0.058,0,0,0,0,0,0,262032465,243400074,72.69,54,25,45,-26,-8,2,-43,-40,15
2020-05-19,1539133,21007,22833,22390,1456,1434,1227,432260,397950,353687,0.059,0,0,0,0,0,0,262512100,244727489,72.69,55,25,47,-24,-4,15,-40,-41,15
2020-05-20,1561830,22697,22556,21007,1501,1413,1456,461362,399715,432260,0.059,0,0,0,0,0,0,263419993,245907203,72.69,56,25,47,-22,-3,23,-38,-41,15
2020-05-21,1587596,25766,22883,22697,1185,1381,1501,458770,401476,461362,0.057,0,0,0,0,0,0,265493244,247002179,72.69,61,25,50,-22,-1,31,-37,-41,15
2020-05-22,1611253,23657,22733,25766,1217,1294,1185,490467,402915,458770,0.056,0,0,0,0,0,0,268268061,248268326,72.69,52,22,46,-24,-2,31,-36,-41,15
2020-05-23,1632364,21111,22577,23657,1089,1229,1217,389944,409423,490467,0.054,0,0,0,0,0,0,260059696,249364905,72.69,42,21,39,-27,0,43,-30,-21,7
2020-05-24,1652431,20067,22142,21111,639,1214,1089,346524,412984,389944,0.054,0,0,0,0,0,0,246526699,251308020,72.69,54,25,47,-25,-2,57,-33,-24,5
2020-05-25,1671104,18673,22385,20067,592,1188,639,329602,419002,346524,0.054,0,0,0,0,0,0,246318997,252902692,72.69,55,25,49,-28,-8,60,-48,-72,20
2020-05-26,1690754,19650,21854,18673,677,1097,592,459744,415561,329602,0.051,0,0,0,0,0,0,254369849,254314350,72.69,56,25,49,-22,-3,28,-37,-39,14
2020-05-27,1709303,18549,21660,19650,1462,986,677,552276,419488,459744,0.049,0,0,0,0,0,0,254722836,256039926,72.69,57,24,46,-21,-4,32,-37,-38,14
2020-05-28,1731625,22322,21068,18549,1101,980,1462,534795,432475,552276,0.048,0,0,0,0,0,0,253404617,257950758,72.69,64,24,52,-21,-2,26,-37,-38,14
2020-05-29,1756098,24473,20576,22322,1133,968,1101,543309,443336,534795,0.045,0,0,0,0,0,0,248327013,260095698,72.69,58,23,51,-23,-5,29,-36,-37,14
2020-05-30,1779731,23633,20692,24473,954,956,1133,451343,450885,543309,0.044,0,0,0,0,0,0,246240410,261773893,72.69,37,19,34,-24,-1,48,-26,-12,6
2020-05-31,1798718,18987,21052,23633,615,937,954,373247,459656,451343,0.047,0,0,0,0,0,0,242307438,261187465,72.69,55,24,44,-23,-4,47,-30,-16,5
2020-06-01,1816154,17436,20898,18987,776,933,615,437218,463474,373247,0.042,0,0,0,0,0,0,252217254,258942684,72.69,59,24,49,-18,-2,28,-36,-37,12
2020-06-02,1837656,21502,20721,17436,981,960,776,520730,478847,437218,0.044,0,0,0,0,0,0,251140523,257779506,72.69,63,24,50,-18,0,35,-36,-37,13
2020-06-03,1857511,19855,20986,21502,1010,1003,981,580571,487560,520730,0.042,0,0,0,0,0,0,257212008,256537055,72.69,64,24,51,-16,1,33,-35,-37,13
2020-06-04,1879150,21639,21173,19855,1013,939,1010,616381,491602,580571,0.041,0,0,0,0,0,0,256752943,254810108,72.69,71,25,55,-18,1,40,-35,-37,13
2020-06-05,1904550,25400,21075,21639,891,926,1013,571620,503257,616381,0.044,0,0,0,0,0,0,257177921,251961387,72.69,65,23,52,-20,-2,34,-34,-36,13
2020-06-06,1925710,21160,21207,25400,642,891,891,463876,507301,571620,0.045,0,0,0,0,0,0,247461708,249987203,72.69,53,22,46,-21,1,51,-25,-13,5
2020-06-07,1943626,17916,20854,21160,459,847,642,405822,509092,463876,0.042,0,0,0,0,0,0,248705328,249384451,72.69,65,26,54,-19,-2,53,-28,-16,4
2020-06-08,1961263,17637,20701,17916,507,825,459,448594,513745,405822,0.043,0,0,0,0,0,0,258708912,250227060,72.69,65,25,52,-16,-2,39,-34,-36,11
2020-06-09,1979647,18384,20730,17637,913,786,507,559382,515371,448594,0.04,0,0,0,0,0,0,253056056,249765727,72.69,66,25,53,-16,-1,36,-34,-36,12
2020-06-10,2000757,21110,20284,18384,876,776,913,627432,520892,559382,0.042,0,0,0,0,0,0,253510157,250121323,72.69,68,25,53,-14,-1,40,-33,-36,12
2020-06-11,2023890,23133,20464,21110,830,757,876,614519,527587,627432,0.042,0,0,0,0,0,0,255691617,250599656,72.69,77,26,59,-15,0,49,-33,-36,12
2020-06-12,2048756,24866,20677,23133,829,731,830,616249,527321,614519,0.04,0,0,0,0,0,0,255590816,251864071,72.69,73,25,60,-17,-1,57,-30,-35,11
2020-06-13,2073964,25208,20601,24866,735,722,829,532312,533696,616249,0.038,0,0,0,0,0,0,252311151,252038542,72.69,57,22,46,-18,2,74,-20,-10,4
2020-06-14,2092912,18948,21179,25208,345,736,735,413461,543473,532312,0.039,0,0,0,0,0,0,245862096,252952526,72.69,69,27,55,-16,-2,68,-23,-13,3
2020-06-15,2112731,19819,21327,18948,396,719,345,505385,544564,413461,0.039,0,0,0,0,0,0,251003747,253879906,68.98,71,27,58,-14,-2,45,-32,-35,11
2020-06-16,2136401,23670,21638,19819,814,703,396,673786,552677,505385,0.041,0,0,0,0,0,0,251624236,254153554,68.98,72,27,57,-13,1,57,-31,-36,11
2020-06-17,2163465,27064,22393,23670,739,689,814,706139,569021,673786,0.041,0,0,0,0,0,0,254099841,253624718,68.98,75,27,58,-12,0,58,-31,-36,11
2020-06-18,2191991,28526,23244,27064,689,670,739,703434,580264,706139,0.041,0,0,0,0,0,0,254691360,253473100,68.98,89,29,70,-13,1,59,-31,-36,11
2020-06-19,2223553,31562,24014,28526,629,650,689,704940,592967,703434,0.043,0,0,0,0,0,0,255275443,253246371,68.98,84,28,71,-15,0,60,-28,-36,9
2020-06-20,2255823,32270,24971,31562,559,621,629,584495,605637,704940,0.044,0,0,0,0,0,0,249550667,253939148,68.98,68,26,58,-17,6,69,-20,-11,3
2020-06-21,2280971,25148,25980,32270,317,596,559,422763,613091,584495,0.045,0,0,0,0,0,0,243018917,253532972,68.98,78,30,63,-17,2,59,-23,-13,2
2020-06-22,2313123,32152,26866,25148,407,592,317,547736,614420,422763,0.046,0,0,0,0,0,0,250969842,252432234,68.98,81,30,65,-16,-5,43,-32,-38,11
2020-06-23,2350198,37075,28627,32152,748,593,407,702059,620470,547736,0.047,0,0,0,0,0,0,253821658,252227689,68.98,81,29,64,-13,0,54,-30,-38,11
2020-06-24,2386074,35876,30542,37075,737,584,748,767027,624509,702059,0.05,0,0,0,0,0,0,249944123,252311929,68.98,86,30,69,-12,-1,57,-30,-36,11
2020-06-25,2426391,40317,31801,35876,537,584,737,774295,633208,767027,0.052,0,0,0,0,0,0,252946708,252169035,68.98,96,30,74,-13,1,64,-29,-36,11
2020-06-26,2472385,45994,33486,40317,629,562,537,811880,643331,774295,0.053,0,0,0,0,0,0,252796524,252123982,68.98,94,29,75,-17,-3,57,-28,-36,11
2020-06-27,2513731,41346,35547,45994,503,562,629,696429,658608,811880,0.055,0,0,0,0,0,0,249173696,251729627,68.98,70,25,56,-19,-1,62,-20,-12,4
2020-06-28,2554461,40730,36844,41346,318,554,503,563870,674598,696429,0.056,0,0,0,0,0,0,245098174,251323459,68.98,,,,-17,-4,55,-22,-12,3
2020-06-29,2595744,41283,39070,40730,385,554,318,664210,694757,563870,0.057,0,0,0,0,0,0,248375712,251318615,68.98,,,,-13,-3,46,-31,-36,10
2020-06-30,2642174,46430,40374,41283,553,551,385,855360,711396,664210,0.057,0,0,0,0,0,0,249821238,251632533,68.98,91,31,76,-10,1,50,-30,-37,11
2020-07-01,2693993,51819,41711,46430,704,523,553,888247,733296,855360,0.059,0,0,0,0,0,0,251878773,251038859,68.98,94,31,79,-7,4,54,-27,-37,10
2020-07-02,2750622,56629,43988,51819,713,518,704,860513,750613,888247,0.06,0,0,0,0,0,0,247320236,250789623,68.98,110,33,93,-4,11,77,-24,-39,10
2020-07-03,2801983,51361,46319,56629,670,544,713,800073,762930,860513,0.063,0,0,0,0,0,0,243269879,250435491,68.98,105,31,92,-10,11,86,-30,-57,14
2020-07-04,2847664,45681,47085,51361,315,549,670,620412,761243,800073,0.065,0,0,0,0,0,0,237671492,250381638,68.98,84,28,72,-35,-2,81,-30,-28,5
2020-07-05,2898432,50768,47705,45681,326,523,315,526947,750384,620412,0.066,0,0,0,0,0,0,243526606,250678675,68.98,95,33,79,-22,-10,53,-23,-19,3
2020-07-06,2941517,43085,49139,50768,376,524,326,726202,745109,526947,0.068,0,0,0,0,0,0,246857727,250308085,68.98,99,33,84,-13,-2,48,-30,-41,11
2020-07-07,3002171,60654,49396,43085,1162,522,376,902891,753965,726202,0.068,0,0,0,0,0,0,248685175,249736596,68.98,102,33,87,-13,0,51,-29,-39,11
2020-07-08,3062290,60119,51428,60654,825,609,1162,981153,760755,902891,0.069,0,0,0,0,0,0,249362545,250012975,68.98,108,34,91,-12,-1,52,-30,-37,11
2020-07-09,3124786,62496,52614,60119,1020,627,825,1011042,774027,981153,0.068,0,0,0,0,0,0,249586202,249209193,68.98,125,36,104,-13,1,59,-30,-38,11
2020-07-10,3192841,68055,53452,62496,817,671,1020,1012694,795531,1011042,0.067,0,0,0,0,0,0,250617852,247848244,68.98,116,33,102,-18,-4,43,-31,-37,11
2020-07-11,3252874,60033,55837,68055,728,692,817,839633,825906,1012694,0.067,0,0,0,0,0,0,245278654,246205072,68.98,96,31,85,-19,0,62,-21,-12,4
2020-07-12,3311312,58438,57887,60033,472,751,728,693589,857223,839633,0.068,0,0,0,0,0,0,241928291,245980562,68.98,93,33,79,-17,-3,64,-23,-15,3
2020-07-13,3370208,58896,58983,58438,445,771,472,867082,881029,693589,0.068,0,0,0,0,0,0,248911557,245763707,68.98,106,37,92,-13,-2,53,-31,-38,10
2020-07-14,3438244,68036,61242,58896,928,781,445,999494,901155,867082,0.068,0,0,0,0,0,0,247576844,245601413,68.98,109,37,93,-12,0,59,-31,-38,11
2020-07-15,3506364,68120,62296,68036,975,748,928,1032259,914955,999494,0.068,0,0,0,0,0,0,248707196,245241951,68.98,111,36,94,-12,-1,56,-31,-37,11
2020-07-16,3582184,75820,63439,68120,956,769,975,1025909,922256,1032259,0.07,0,0,0,0,0,0,248103615,245565661,68.98,127,38,109,-13,0,62,-31,-37,11
2020-07-17,3654445,72261,65343,75820,924,760,956,1044985,924380,1025909,0.071,0,0,0,0,0,0,248179993,246615371,68.98,124,38,113,-17,-3,54,-29,-37,11
2020-07-18,3716980,62535,65943,72261,857,775,924,907262,928993,1044985,0.071,0,0,0,0,0,0,242071676,247702109,68.98,98,33,87,-19,-1,74,-21,-13,4
2020-07-19,3777456,60476,66301,62535,480,794,857,714299,938654,907262,0.071,0,0,0,0,0,0,235600232,247473778,68.98,108,37,95,-17,-4,60,-24,-16,3
2020-07-20,3839546,62090,66592,60476,563,795,480,907253,941613,714299,0.071,0,0,0,0,0,0,240757932,247767182,67.13,109,37,97,-14,-4,51,-32,-38,10
2020-07-21,3904066,64520,67048,62090,1091,812,563,1035264,947352,907253,0.071,0,0,0,0,0,0,244182053,247608849,67.13,112,37,96,-13,-2,54,-32,-38,11
2020-07-22,3974630,70564,66546,64520,1224,835,1091,1105569,952462,1035264,0.07,0,0,0,0,0,0,245689625,247515228,67.13,118,39,101,-13,-3,47,-32,-37,11
2020-07-23,4043070,68440,66895,70564,1070,871,1224,1082261,962934,1105569,0.069,0,0,0,0,0,0,244750266,247303430,67.13,134,41,113,-14,-2,55,-31,-37,11
2020-07-24,4116393,73323,65841,68440,1107,887,1070,1072062,970985,1082261,0.069,0,0,0,0,0,0,248249621,246955164,67.13,131,41,120,-17,-4,55,-30,-37,11
2020-07-25,4181308,64915,65993,73323,930,913,1107,878730,974853,1072062,0.069,0,0,0,0,0,0,241630809,246497025,67.13,105,37,92,-19,-2,77,-21,-13,4
2020-07-26,4236083,54775,66333,64915,531,924,930,673702,970777,878730,0.068,0,0,0,0,0,0,240539533,245593016,67.13,116,43,100,-17,-5,65,-24,-16,3
2020-07-27,4292934,56851,65518,54775,1126,931,531,794726,964977,673702,0.069,0,0,0,0,0,0,243025616,244428213,67.13,118,43,101,-14,-4,48,-32,-38,10
2020-07-28,4359391,66457,64770,56851,1330,1011,1126,962798,948902,794726,0.069,0,0,0,0,0,0,246541375,243943242,67.13,121,43,103,-14,-3,53,-32,-38,11
2020-07-29,4431244,71853,65046,66457,1414,1045,1330,1036752,938550,962798,0.069,0,0,0,0,0,0,244862342,243512161,67.13,126,43,106,-13,-3,56,-31,-38,10
2020-07-30,4498701,67457,65231,71853,1231,1073,1414,1035014,928719,1036752,0.068,0,0,0,0,0,0,248336611,243033111,67.13,147,47,128,-13,-2,56,-31,-38,11
2020-07-31,4567420,68719,65090,67457,1237,1096,1231,986996,921969,1035014,0.068,0,0,0,0,0,0,246682583,243043058,67.13,143,45,131,-14,-2,56,-28,-37,10
2020-08-01,4623604,56184,64432,68719,1093,1114,1237,787887,909817,986996,0.068,0,0,0,0,0,0,240586405,242980077,67.13,114,40,99,-17,0,69,-20,-14,4
2020-08-02,4669149,45545,63185,56184,437,1137,1093,621427,896839,787887,0.068,0,0,0,0,0,0,237333816,243685691,67.13,122,45,105,-16,-4,52,-24,-17,3
2020-08-03,4714678,45529,61867,45545,581,1124,437,774011,889371,621427,0.067,0,0,0,0,0,0,245223083,244009646,67.13,125,46,108,-12,-1,47,-31,-38,10
2020-08-04,4773479,58801,60249,45529,1282,1046,581,878521,886412,774011,0.066,0,0,0,0,0,0,248161731,244346692,67.13,127,46,109,-13,-3,48,-33,-39,11
2020-08-05,4827936,54457,59155,58801,1438,1039,1282,964028,874373,878521,0.065,0,0,0,0,0,0,248126575,244228509,67.13,133,46,112,-11,-2,61,-30,-37,10
2020-08-06,4887293,59357,56670,54457,1244,1043,1438,986363,863983,964028,0.064,0,0,0,0,0,0,249646495,244740844,67.13,154,51,135,-13,-2,62,-30,-37,10
2020-08-07,4946590,59297,55513,59357,1237,1045,1244,1013473,857033,986363,0.063,0,0,0,0,0,0,250065012,244516981,67.13,146,46,131,-15,-5,57,-29,-37,10
2020-08-08,5000709,54119,54167,59297,1078,1045,1237,812429,860816,1013473,0.062,0,0,0,0,0,0,245134453,244367781,67.13,109,40,91,-17,-1,79,-20,-13,3
2020-08-09,5046463,45754,53872,54119,523,1042,1078,625140,864322,812429,0.061,0,0,0,0,0,0,241857935,243909821,67.13,125,49,108,-15,-4,66,-22,-16,2
2020-08-10,5094087,47624,53902,45754,636,1055,523,781773,864852,625140,0.06,0,0,0,0,0,0,247294209,244223745,67.13,129,49,113,-14,-5,47,-32,-38,9
2020-08-11,5142088,48001,54201,47624,1020,1063,636,906728,865961,781773,0.061,0,0,0,0,0,0,247607529,244455224,67.13,132,49,116,-13,-3,57,-31,-38,10
2020-08-12,5198137,56049,52658,48001,1499,1025,1020,1024791,869991,906728,0.061,0,0,0,0,0,0,249763047,244921543,67.13,138,50,122,-13,-4,51,-32,-37,10
2020-08-13,5249451,51314,52886,56049,1067,1034,1499,978289,878671,1024791,0.061,0,0,0,0,0,0,253150796,245108670,67.13,156,53,138,-14,-3,53,-31,-37,10
2020-08-14,5314791,65340,51737,51314,1336,1009,1067,957566,877518,978289,0.06,0,0,0,0,0,0,256217025,245591874,67.13,149,48,137,-16,-5,53,-29,-37,10
2020-08-15,5361712,46921,52600,65340,1000,1023,1336,766302,869531,957566,0.061,0,0,0,0,0,0,250294609,246241595,67.13,120,44,103,-18,-2,67,-21,-14,3
2020-08-16,5400904,39192,51572,46921,617,1012,1000,569435,862941,766302,0.06,0,0,0,0,0,0,241857937,246887898,67.13,129,50,113,-16,-5,48,-24,-17,3
2020-08-17,5437580,36676,50634,39192,492,1025,617,676233,854983,569435,0.061,0,0,0,0,0,0,243966154,247183773,67.13,132,50,115,-15,-6,42,-32,-38,9
2020-08-18,5482614,45034,49070,36676,1226,1004,492,894762,839906,676233,0.058,0,0,0,0,0,0,247607532,247104601,67.13,137,50,119,-14,-4,50,-32,-36,10
2020-08-19,5529973,47359,48647,45034,1339,1034,1226,1000736,838197,894762,0.057,0,0,0,0,0,0,249763047,247338383,67.13,149,53,127,-14,-5,44,-32,-36,10
2020-08-20,5574013,44040,47405,47359,1103,1011,1339,993209,834760,1000736,0.055,0,0,0,0,0,0,253150797,247838997,67.13,149,51,136,-14,-4,53,-31,-36,10
2020-08-21,5622842,48829,46366,44040,1091,1016,1103,961896,836892,993209,0.054,0,0,0,0,0,0,256217025,248717856,67.13,119,45,119,-16,-6,48,-29,-36,9
2020-08-22,5665887,43045,44007,48829,909,981,1091,791665,837510,961896,0.052,0,0,0,0,0,0,250294612,249455021,67.13,117,44,99,-17,-2,66,-21,-12,3
2020-08-23,5700119,34232,43454,43045,545,968,909,560778,841134,791665,0.051,0,0,0,0,0,0,239341544,249455022,67.13,130,51,113,-16,-5,50,-23,-15,3
2020-08-24,5736641,36522,42745,34232,473,958,545,663112,839897,560778,0.051,0,0,0,0,0,0,242068189,248979585,67.13,130,51,116,-16,-7,32,-33,-36,10
2020-08-25,5777001,40360,42723,36522,1236,955,473,902637,838023,663112,0.05,0,0,0,0,0,0,245431666,248979586,67.13,133,51,117,-15,-4,37,-33,-37,10
2020-08-26,5822167,45166,42055,40360,1166,957,1236,1014981,839148,902637,0.05,0,0,0,0,0,0,244209948,248979586,67.13,139,53,122,-14,-5,42,-32,-35,10
2020-08-27,5867547,45380,41742,45166,1114,932,1166,1013823,841183,1014981,0.051,0,0,0,0,0,0,243910521,248979586,67.13,154,51,134,-16,-6,41,-32,-36,10
2020-08-28,5914395,46848,41933,45380,977,933,1114,984152,844127,1013823,0.05,0,0,0,0,0,0,245703853,248979586,67.13,149,50,138,-17,-8,37,-30,-35,9
2020-08-29,5957126,42731,41650,46848,901,917,977,798179,847307,984152,0.05,0,0,0,0,0,0,241612773,248979586,67.13,121,47,107,-17,-4,49,-23,-13,4
2020-08-30,5991507,34381,41606,42731,453,916,901,613615,848237,798179,0.049,0,0,0,0,0,0,235658597,248620102,67.13,130,52,116,-15,-6,59,-22,-15,2
2020-08-31,6026895,35388,41627,34381,542,903,453,661932,855786,613615,0.049,0,0,0,0,0,0,241881047,248348964,67.13,132,52,118,-15,-7,30,-32,-35,9
2020-09-01,6068759,41864,41465,35388,1030,913,542,904830,855617,661932,0.05,0,0,0,0,0,0,243781405,248038126,67.13,135,52,119,-12,-2,36,-31,-36,9
2020-09-02,6109773,41014,41680,41864,1079,883,1030,1020801,855930,904830,0.049,0,0,0,0,0,0,243606728,247244826,67.13,139,52,122,-13,-5,35,-32,-35,9
2020-09-03,6153983,44210,41087,41014,1037,871,1079,1031810,856762,1020801,0.048,0,0,0,0,0,0,249147568,245924786,67.13,157,54,140,-11,-1,45,-28,-35,8
2020-09-04,6204376,50393,40919,44210,958,860,1037,994855,859331,1031810,0.049,0,0,0,0,0,0,244871044,244422905,67.13,153,53,142,-13,-2,55,-25,-36,8
2020-09-05,6247464,43088,41426,50393,762,857,958,814161,860860,994855,0.049,0,0,0,0,0,0,243222155,243182642,67.13,122,46,105,-15,0,81,-18,-17,2
2020-09-06,6278633,31169,41477,43088,469,837,762,564527,863143,814161,0.049,0,0,0,0,0,0,235764583,242656507,67.13,131,52,114,-13,-3,81,-24,-18,1
2020-09-07,6302200,23567,41018,31169,295,840,469,413884,856131,564527,0.05,0,0,0,0,0,0,233368672,242629772,67.13,132,52,116,-16,-7,75,-40,-71,16
2020-09-08,6329593,27393,39329,23567,453,804,295,661493,820695,413884,0.048,0,0,0,0,0,0,240194478,242394021,67.13,134,51,117,-16,-5,24,-31,-37,9
2020-09-09,6363650,34057,37262,27393,1160,722,453,953183,785933,661493,0.048,0,0,0,0,0,0,242514024,242307846,67.13,139,51,121,-16,-7,24,-32,-35,9
2020-09-10,6399723,36073,36268,34057,916,733,1160,1084159,776273,953183,0.046,0,0,0,0,0,0,242844311,243055996,67.13,159,54,140,-16,-6,27,-32,-35,9
2020-09-11,6447501,47778,35106,36073,1174,716,916,1096530,783752,1084159,0.044,0,0,0,0,0,0,245702109,242937023,67.13,154,54,144,-17,-8,35,-30,-33,8
2020-09-12,6488563,41062,34732,47778,702,747,1174,864681,798277,1096530,0.043,0,0,0,0,0,0,238780445,243166935,62.5,124,47,108,-16,-4,50,-22,-12,3
2020-09-13,6522914,34351,34443,41062,435,738,702,624446,805494,864681,0.043,0,0,0,0,0,0,235711590,243182076,62.5,132,53,115,-16,-6,38,-25,-15,3
2020-09-14,6557342,34428,34897,34351,431,734,435,706333,814054,624446,0.042,0,0,0,0,0,0,240743121,241966022,62.5,134,53,118,-16,-7,30,-33,-32,8
2020-09-15,6596849,39507,36449,34428,1200,753,431,963718,855832,706333,0.042,0,0,0,0,0,0,241933498,241453604,62.5,137,54,121,-14,-5,36,-32,-33,9
2020-09-16,6635867,39018,38179,39507,956,860,1200,1134683,899007,963718,0.042,0,0,0,0,0,0,242421548,241297503,62.5,142,53,124,-15,-8,36,-32,-33,9
2020-09-17,6681004,45137,38888,39018,861,831,956,1152052,924936,1134683,0.042,0,0,0,0,0,0,243287375,240397038,62.5,158,55,140,-16,-7,34,-32,-33,9
2020-09-18,6730288,49284,40183,45137,896,823,861,1223716,934635,1152052,0.042,0,0,0,0,0,0,244786037,240515762,62.5,154,54,145,-15,-7,35,-30,-32,8
2020-09-19,6772447,42159,40398,49284,732,783,896,934704,952804,1223716,0.042,0,0,0,0,0,0,240801584,239881232,62.5,121,45,106,-13,-2,62,-21,-11,2
2020-09-20,6810862,38415,40555,42159,265,787,732,621537,962807,934704,0.042,0,0,0,0,0,0,238116645,239873661,62.5,134,54,118,-14,-6,46,-24,-14,2
2020-09-21,6862834,51972,41135,38415,427,763,265,749193,962392,621537,0.043,0,0,0,0,0,0,236901265,240927154,62.5,133,51,117,-16,-8,25,-33,-33,9
2020-09-22,6902696,39862,43642,51972,1032,762,427,1024346,968515,749193,0.044,0,0,0,0,0,0,244931070,241175585,62.5,140,56,125,-15,-6,28,-34,-33,9
2020-09-23,6941758,39062,43692,39862,1056,738,1032,1198475,977176,1024346,0.044,0,0,0,0,0,0,248687029,241162375,62.5,144,54,128,-15,-7,27,-33,-32,9
2020-09-24,6988869,47111,43699,39062,897,753,1056,1198444,986289,1198475,0.044,0,0,0,0,0,0,248993351,241225669,62.5,163,57,147,-16,-7,25,-33,-32,9
2020-09-25,7037151,48282,43981,47111,944,758,897,1127323,992916,1198444,0.045,0,0,0,0,0,0,251286497,241094802,62.5,159,55,154,-16,-8,25,-31,-31,8
2020-09-26,7081803,44652,43838,48282,768,765,944,936052,979146,1127323,0.045,0,0,0,0,0,0,244251647,241383536,62.5,129,49,116,-15,-3,52,-23,-10,2
2020-09-27,7119311,37508,44194,44652,315,770,768,596286,979339,936052,0.045,0,0,0,0,0,0,240684311,241727115,62.5,135,55,122,-15,-7,35,-25,-13,2
2020-09-28,7152546,33235,44064,37508,358,777,315,667427,975731,596286,0.045,0,0,0,0,0,0,245942100,241178279,62.5,137,55,125,-17,-8,12,-35,-32,9
2020-09-29,7195994,43448,41387,33235,833,767,358,981865,964050,667427,0.044,0,0,0,0,0,0,245705918,241606503,62.5,139,54,126,-16,-7,11,-35,-32,9
2020-09-30,7235428,39434,41900,43448,958,739,833,1200324,957982,981865,0.045,0,0,0,0,0,0,245856146,242501572,62.5,144,54,130,-14,-5,17,-33,-32,8
2020-10-01,7281081,45653,41953,39434,873,725,958,1221071,958246,1200324,0.045,0,0,0,0,0,0,248959587,243316712,62.5,165,60,154,-13,-2,21,-31,-30,8
2020-10-02,7336043,54962,41745,45653,860,721,873,1192467,961478,1221071,0.044,0,0,0,0,0,0,245876738,244245349,62.5,160,57,159,-14,-5,18,-29,-30,8
2020-10-03,7384578,48535,42699,54962,683,709,860,975225,970785,1192467,0.045,0,0,0,0,0,0,240142699,244738215,62.5,127,46,116,-13,-1,42,-20,-11,2
2020-10-04,7420293,35715,43254,48535,381,697,683,639736,976381,975225,0.044,0,0,0,0,0,0,236019867,245105024,62.5,135,56,129,-14,-5,25,-24,-14,2
2020-10-05,7459742,39449,42997,35715,481,707,381,805543,982588,639736,0.044,0,0,0,0,0,0,236127643,246396572,62.5,136,57,132,-15,-5,15,-32,-32,8
2020-10-06,7504998,45256,43885,39449,686,724,481,1227436,1002319,805543,0.043,0,0,0,0,0,0,243214437,246507265,62.5,137,55,131,-15,-4,25,-32,-32,8
2020-10-07,7556060,51062,44143,45256,927,703,686,1412174,1037400,1227436,0.043,0,0,0,0,0,0,245561664,246102853,62.5,143,58,138,-15,-6,24,-33,-31,8
2020-10-08,7614653,58593,45805,51062,989,699,927,1428578,1067665,1412174,0.043,0,0,0,0,0,0,244486454,246098029,62.5,163,61,160,-15,-5,29,-31,-31,9
2020-10-09,7671034,56381,47653,58593,968,715,989,1397077,1097308,1428578,0.043,0,0,0,0,0,0,243718053,245325207,62.5,158,58,164,-16,-7,30,-29,-31,8
2020-10-10,7725952,54918,47856,56381,658,731,968,1100009,1126538,1397077,0.043,0,0,0,0,0,0,237594013,244738214,62.5,124,50,119,-16,-4,46,-22,-11,3
2020-10-11,7771893,45941,48768,54918,471,727,658,745712,1144365,1100009,0.043,0,0,0,0,0,0,236046798,244071865,62.5,129,56,127,-16,-7,25,-25,-14,3
2020-10-12,7813735,41842,50229,45941,394,740,471,810294,1159504,745712,0.044,0,0,0,0,0,0,240394254,242669800,62.5,131,56,128,-17,-9,9,-36,-37,10
2020-10-13,7865983,52248,50570,41842,796,728,394,1062362,1160183,810294,0.046,0,0,0,0,0,0,244269428,242313874,66.2,133,56,130,-17,-6,18,-33,-32,9
2020-10-14,7925748,59765,51569,52248,990,743,796,1227460,1136601,1062362,0.048,0,0,0,0,0,0,246608798,242271805,66.2,135,55,130,-14,-6,25,-31,-30,9
2020-10-15,7990636,64888,52813,59765,849,752,990,1294966,1110213,1227460,0.05,0,0,0,0,0,0,243320467,241632786,66.2,156,60,153,-15,-5,23,-30,-31,9
2020-10-16,8059782,69146,53712,64888,937,732,849,1324082,1091126,1294966,0.051,0,0,0,0,0,0,248025143,241324402,66.2,149,54,154,-17,-8,8,-30,-31,9
2020-10-17,8116518,56736,55535,69146,762,728,937,1109316,1080698,1324082,0.052,0,0,0,0,0,0,241512986,240960304,66.2,121,51,117,-14,-3,41,-20,-11,3
2020-10-18,8165858,49340,55795,56736,493,743,762,765490,1082027,1109316,0.052,0,0,0,0,0,0,237908466,240964152,66.2,126,54,120,-16,-7,18,-23,-14,3
2020-10-19,8233610,67752,56281,49340,479,746,493,869145,1084853,765490,0.053,0,0,0,0,0,0,244266877,241573668,66.2,129,55,124,-18,-9,4,-33,-31,9
2020-10-20,8295581,61971,59982,67752,923,758,479,1268147,1093260,869145,0.053,0,0,0,0,0,0,242883809,241724381,66.2,131,55,124,-17,-7,10,-32,-31,9
2020-10-21,8358864,63283,61371,61971,1121,776,923,1469391,1122658,1268147,0.052,0,0,0,0,0,0,241235164,241873971,66.2,141,57,131,-16,-7,13,-32,-30,9
2020-10-22,8435164,76300,61874,63283,915,795,1121,1527623,1157220,1469391,0.052,0,0,0,0,0,0,245137226,241707402,66.2,171,64,161,-16,-6,20,-31,-30,9
2020-10-23,8517113,81949,63504,76300,967,804,915,1460176,1190456,1527623,0.053,0,0,0,0,0,0,248887208,242322700,66.2,160,61,171,-17,-8,10,-30,-30,9
2020-10-24,8599842,82729,65333,81949,951,809,967,1176157,1209898,1460176,0.056,0,0,0,0,0,0,243207459,242882553,66.2,132,52,136,-16,-4,28,-23,-10,3
2020-10-25,8661982,62140,69046,82729,462,836,951,790535,1219447,1176157,0.057,0,0,0,0,0,0,239792068,243148506,66.2,125,53,113,-18,-8,1,-27,-15,4
2020-10-26,8729385,67403,70875,62140,533,831,462,950426,1223025,790535,0.058,0,0,0,0,0,0,242550521,243701738,62.5,128,55,117,-19,-9,-9,-34,-31,10
2020-10-27,8806228,76843,70825,67403,973,839,533,1334042,1234636,950426,0.059,0,0,0,0,0,0,243123623,243503792,62.5,128,54,117,-17,-7,1,-33,-31,10
2020-10-28,8885632,79404,72950,76843,1035,846,973,1490289,1244050,1334042,0.061,0,0,0,0,0,0,244956178,242736130,62.5,133,53,120,-16,-7,-2,-34,-30,10
2020-10-29,8976684,91052,75253,79404,1004,834,1035,1472791,1247035,1490289,0.063,0,0,0,0,0,0,243715099,242995667,62.5,156,61,149,-17,-7,-6,-35,-31,10
2020-10-30,9075924,99240,77360,91052,1061,846,1004,1503987,1239202,1472791,0.065,0,0,0,0,0,0,243953723,243118819,62.5,154,59,158,-14,-4,1,-32,-30,8
2020-10-31,9165619,89695,79830,99240,910,860,1061,1217521,1245461,1503987,0.065,0,0,0,0,0,0,237313198,243360887,62.5,116,49,109,-16,2,27,-23,-10,3
2020-11-01,9270467,104848,80825,89695,496,854,910,894805,1251370,1217521,0.066,0,0,0,0,0,0,231334093,243629973,62.5,125,54,115,-18,-9,-5,-29,-15,4
2020-11-02,9355775,85308,86926,104848,572,859,496,1014345,1266266,894805,0.068,0,0,0,0,0,0,234218861,243384779,62.5,127,54,118,-17,-7,-6,-35,-31,9
2020-11-03,9482891,127116,89484,85308,1578,864,572,1361440,1275397,1014345,0.07,0,0,0,0,0,0,241359609,243419038,62.5,129,56,121,-11,-2,14,-34,-33,9
2020-11-04,9587499,104608,96666,127116,1115,951,1578,1624074,1279311,1361440,0.072,0,0,0,0,0,0,238796491,243950612,62.5,134,59,125,-18,-10,4,-36,-30,10
2020-11-05,9716853,129354,100267,104608,1155,962,1115,1686108,1298423,1624074,0.073,0,0,0,0,0,0,234426839,243747451,62.5,159,64,154,-18,-8,7,-34,-30,10
2020-11-06,9844858,128005,105738,129354,1239,984,1155,1666431,1328897,1686108,0.076,0,0,0,0,0,0,233975259,243042667,62.5,158,64,167,-18,-10,6,-33,-29,9
2020-11-07,9972308,127450,109848,128005,1081,1009,1239,1447567,1352103,1666431,0.075,0,0,0,0,0,0,230026054,242200630,62.5,118,53,113,-16,-6,23,-27,-10,4
2020-11-08,10087380,115072,115241,127450,571,1034,1081,1003362,1384967,1447567,0.077,0,0,0,0,0,0,219752445,240992348,62.5,120,56,112,-17,-9,13,-29,-14,4
2020-11-09,10207953,120573,116702,115072,779,1044,571,1217746,1400475,1003362,0.079,0,0,0,0,0,0,231497493,239802111,65.28,121,56,115,-19,-9,-3,-36,-31,10
2020-11-10,10348449,140496,121740,120573,1418,1074,779,1530401,1429533,1217746,0.083,0,0,0,0,0,0,235673099,239550109,65.28,124,57,118,-18,-7,-2,-35,-31,10
2020-11-11,10495075,146626,123651,140496,1436,1051,1418,1772083,1453670,1530401,0.086,0,0,0,0,0,0,234196077,238670153,65.28,129,57,122,-15,-8,-10,-39,-38,12
2020-11-12,10659914,164839,129654,146626,1204,1097,1436,1839676,1474814,1772083,0.088,0,0,0,0,0,0,234673465,237343259,65.28,155,65,152,-20,-9,-12,-37,-32,11
2020-11-13,10840303,180389,134723,164839,1200,1104,1204,1894397,1496752,1839676,0.09,0,0,0,0,0,0,236432175,235917764,65.28,153,64,167,-19,-9,-11,-35,-30,11
2020-11-14,11008064,167761,142206,180389,1347,1098,1200,1593830,1529319,1894397,0.095,0,0,0,0,0,0,230885036,234876744,65.28,116,52,111,-18,-6,2,-29,-10,5
2020-11-15,11144288,136224,147965,167761,776,1136,1347,1194391,1550214,1593830,0.097,0,0,0,0,0,0,230484115,233222223,65.28,118,56,110,-19,-9,-8,-32,-15,5
2020-11-16,11307233,162945,150987,136224,829,1166,776,1483767,1577503,1194391,0.097,0,0,0,0,0,0,229736735,232833456,75.46,118,53,109,-20,-8,-10,-37,-31,10
2020-11-17,11471155,163922,157040,162945,1721,1173,829,1894925,1615506,1483767,0.096,0,0,0,0,0,0,229593933,232021097,75.46,122,55,113,-20,-7,-12,-37,-32,11
2020-11-18,11644332,173177,160387,163922,1918,1216,1721,2091305,1667581,1894925,0.095,0,0,0,0,0,0,231213299,231363895,75.46,128,57,119,-19,-7,-13,-37,-32,11
2020-11-19,11835880,191548,164180,173177,2052,1285,1918,2069754,1713184,2091305,0.095,0,0,0,0,0,0,233698645,231399127,75.46,150,62,146,-19,-6,-6,-36,-31,11
2020-11-20,12034177,198297,167995,191548,1957,1406,2052,2140308,1746053,2069754,0.095,0,0,0,0,0,0,235098657,231750115,75.46,150,62,160,-20,-8,-5,-33,-30,11
2020-11-21,12213451,179274,170553,198297,1619,1514,1957,1847918,1781183,2140308,0.094,0,0,0,0,0,0,229838115,231872827,75.46,112,51,107,-20,-4,4,-26,-10,5
2020-11-22,12360235,146784,172198,179274,1032,1553,1619,1418307,1817481,1847918,0.093,0,0,0,0,0,0,228522753,233405923,75.46,117,55,108,-20,-7,-13,-32,-14,5
2020-11-23,12534684,174449,173707,146784,1100,1590,1032,1671192,1849469,1418307,0.092,0,0,0,0,0,0,232290987,233154386,75.46,119,55,111,-16,-2,-12,-37,-35,11
2020-11-24,12710198,175514,175350,174449,2129,1628,1100,1953762,1876244,1671192,0.093,0,0,0,0,0,0,233635402,232285934,75.46,122,55,113,-12,6,-9,-33,-36,11
2020-11-25,12893485,183287,177006,175514,2263,1687,2129,2210734,1884649,1953762,0.093,0,0,0,0,0,0,236451913,231859823,75.46,129,57,119,-3,23,-7,-30,-40,10
2020-11-26,13005807,112322,178450,183287,1385,1736,2263,1503995,1901711,2210734,0.095,0,0,0,0,0,0,227210826,231720563,75.46,153,64,149,-70,-30,-13,-60,-81,23
2020-11-27,13213995,208188,167132,112322,1549,1641,1385,1503181,1820888,1503995,0.097,0,0,0,0,0,0,232601389,231530060,75.46,151,64,163,-26,-20,2,-47,-60,19
2020-11-28,13369528,155533,168545,208188,1360,1582,1549,1338407,1729870,1503181,0.099,0,0,0,0,0,0,230749160,231380500,75.46,114,51,111,-26,-15,-1,-32,-18,7
2020-11-29,13509762,140234,165154,155533,1036,1545,1360,1147560,1657083,1338407,0.1,0,0,0,0,0,0,228771727,231100305,75.46,117,52,106,-23,-15,-12,-28,-16,6
2020-11-30,13670332,160570,164218,140234,1346,1546,1036,1466237,1618404,1147560,0.102,0,0,0,0,0,0,230759639,231465198,75.46,117,53,109,-21,-12,-27,-39,-34,12
2020-12-01,13858551,188219,162235,160570,2544,1581,1346,1839018,1589125,1466237,0.104,0,0,0,0,0,0,238272498,232042551,75.46,122,56,114,-18,-5,-18,-36,-33,11
2020-12-02,14061108,202557,164050,188219,2812,1640,2544,2089909,1572733,1839018,0.107,0,0,0,0,0,0,239714506,232790925,71.76,128,57,120,-19,-8,-16,-38,-32,11
2020-12-03,14284721,223613,166803,202557,2953,1719,2812,2160683,1555472,2089909,0.107,0,0,0,0,0,0,239829275,231864093,71.76,150,59,143,-18,-5,-13,-37,-32,11
2020-12-04,14517506,232785,182702,223613,2699,1943,2953,2118444,1649285,2160683,0.106,0,0,0,0,0,0,241214797,231507341,71.76,152,63,164,-20,-9,-17,-38,-30,12
2020-12-05,14733048,215542,186216,232785,2353,2107,2699,1684680,1737180,2118444,0.108,0,0,0,0,0,0,236196083,231637490,71.76,113,51,107,-20,-6,-9,-33,-9,6
2020-12-06,14914060,181012,194789,215542,1346,2249,2353,1291401,1786647,1684680,0.11,0,0,0,0,0,0,231926549,231673058,71.76,114,54,105,-20,-9,-14,-35,-14,5
2020-12-07,15108918,194858,200614,181012,1604,2293,1346,1540603,1807196,1291401,0.112,0,0,0,0,0,0,232974648,231454294,71.76,116,54,108,-21,-9,-22,-40,-33,11
2020-12-08,15333410,224492,205512,194858,2619,2330,1604,1909271,1817820,1540603,0.114,0,0,0,0,0,0,236474723,232116736,71.76,119,54,111,-20,-8,-18,-40,-32,11
2020-12-09,15555949,222539,210694,224492,3182,2341,2619,2115759,1827856,1909271,0.115,0,0,0,0,0,0,237480966,232582821,71.76,125,56,117,-19,-8,-12,-39,-32,11
2020-12-10,15787464,231515,213549,222539,2995,2394,3182,2173141,1831549,2115759,0.114,0,0,0,0,0,0,237360043,234385456,71.76,148,63,144,-19,-6,-9,-38,-32,11
2020-12-11,16027441,239977,214678,231515,3417,2400,2995,2048369,1833328,2173141,0.117,0,0,0,0,0,0,234841628,235615943,71.76,147,62,157,-21,-9,-16,-38,-31,12
2020-12-12,16245026,217585,215705,239977,2459,2502,3417,1717811,1823318,2048369,0.117,0,0,0,0,0,0,230987956,236394075,71.76,106,48,99,-20,-5,-11,-32,-10,6
2020-12-13,16432729,187703,215997,217585,1626,2517,2459,1242647,1828051,1717811,0.118,0,0,0,0,0,0,227892376,236844764,71.76,111,52,101,-21,-8,-16,-35,-15,6
2020-12-14,16627550,194821,216953,187703,1650,2557,1626,1506096,1821086,1242647,0.119,0,0,0,0,0,0,234121604,237161194,71.76,114,53,105,-20,-8,-28,-41,-33,11
2020-12-15,16836556,209006,216947,194821,3117,2564,1650,1940538,1816156,1506096,0.116,0,0,0,0,0,0,236908023,236904369,71.76,114,52,106,-17,-2,-21,-38,-33,11
2020-12-16,17083256,246700,214735,209006,3664,2635,3117,2065357,1820623,1940538,0.119,0,0,0,0,0,0,233885992,236585292,71.76,121,52,111,-20,-6,-27,-41,-34,13
2020-12-17,17322981,239725,218187,246700,3499,2704,3664,2039321,1813423,2065357,0.123,0,0,0,0,0,0,234537653,236232544,71.76,146,59,143,-22,-9,-24,-43,-37,14
2020-12-18,17574950,251969,219360,239725,2965,2776,3499,2010455,1794306,2039321,0.122,0,0,0,0,0,0,233920183,235322091,71.76,138,59,165,-19,-7,-22,-36,-32,12
2020-12-19,17766856,191906,221073,251969,2653,2711,2965,1697077,1788889,2010455,0.121,0,0,0,0,0,0,229323407,234578073,71.76,98,45,95,-18,-2,-16,-25,-10,6
2020-12-20,17954675,187819,217404,191906,1714,2739,2653,1269622,1785927,1697077,0.122,556208,0,556208,0,0,0,226723049,234001763,71.76,108,52,102,-17,-4,-19,-29,-13,5
2020-12-21,18153724,199049,217421,187819,1916,2752,1714,1519334,1789781,1269622,0.121,614117,556208,614117,556208,0,0,229767474,234165614,71.76,110,49,110,-8,3,-9,-35,-37,10
2020-12-22,18351735,198011,218025,199049,3399,2790,1916,1983022,1791672,1519334,0.12,614118,614117,614118,614117,0,0,227647011,234227514,71.76,103,48,98,-5,10,-6,-33,-38,10
2020-12-23,18581353,229618,216454,198011,3424,2830,3399,2260088,1797741,1983022,0.118,1008025,614118,1008025,614118,0,0,226378635,233713946,71.76,110,52,106,2,24,-8,-30,-40,10
2020-12-24,18775557,194204,214014,229618,2906,2796,3424,1881964,1825560,2260088,0.115,1008025,1008025,1008025,1008025,0,0,225016404,233310747,71.76,131,58,132,-16,27,-21,-43,-61,16
2020-12-25,18873203,97646,207511,194204,1425,2711,2906,1071567,1803080,1881964,0.116,1008025,1008025,1008025,1008025,0,0,218548314,233179112,71.76,126,57,143,-82,-61,-38,-67,-83,27
2020-12-26,19099491,226288,185465,97646,1884,2491,1425,981112,1668953,1071567,0.121,1944585,1008025,1944585,1008025,0,0,225279994,232941320,71.76,95,48,96,-31,-18,-21,-37,-26,9
2020-12-27,19255126,155635,190376,226288,1427,2381,1884,935201,1566673,981112,0.121,1944585,1944585,1944585,1944585,0,0,224111079,232774273,71.76,102,51,98,-27,-18,-12,-31,-18,7
2020-12-28,19429760,174634,185779,155635,2003,2340,1427,1283260,1518898,935201,0.123,2127143,1944585,2127143,1944585,0,0,232702998,232152254,71.76,106,52,102,-17,-9,-12,-40,-44,14
2020-12-29,19630012,200252,182291,174634,3631,2353,2003,1853438,1485173,1283260,0.125,2127143,2127143,2127143,2127143,0,0,233971916,230829253,71.76,107,50,103,-17,-6,-8,-39,-45,14
2020-12-30,19863696,233684,182611,200252,3731,2386,3631,2181847,1466661,1853438,0.126,2794588,2127143,2794588,2127143,0,0,234827699,229756773,71.76,101,48,95,-13,0,-11,-37,-44,14
2020-12-31,20099363,235667,183192,233684,3480,2430,3731,1919571,1455484,2181847,0.129,2794588,2794588,2794588,2794588,0,0,236043609,228396595,71.76,128,56,127,-9,19,-12,-42,-52,15
2021-01-01,20252991,153628,189115,235667,2149,2512,3480,1237190,1460857,1919571,0.131,2794588,2794588,2794588,2794588,0,0,221000208,226200613,71.76,123,56,135,-47,-37,-21,-62,-75,27
2021-01-02,20553301,300310,197113,153628,2507,2615,2149,1105262,1484517,1237190,0.138,4225756,2794588,4225756,2794588,0,0,231092434,225622983,71.76,91,44,89,-26,-13,-14,-33,-21,9
2021-01-03,20762047,208746,207687,300310,1447,2704,2507,1037001,1502253,1105262,0.143,4225756,4225756,4225756,4225756,0,0,223235335,225249844,71.76,101,50,95,-27,-16,-24,-33,-17,7
2021-01-04,20946329,184282,215274,208746,2092,2707,1447,1390769,1516796,1037001,0.141,4563260,4225756,4563260,4225756,0,0,239122709,225669205,71.76,102,49,96,-19,-8,-23,-39,-34,12
2021-01-05,21181440,235111,216653,184282,3714,2720,2092,1943970,1532154,1390769,0.143,4836469,4563260,4836469,4563260,0,0,240889791,226572763,71.76,104,48,98,-20,-6,-20,-39,-34,12
2021-01-06,21436884,255444,221633,235111,3926,2731,3714,2311965,1545087,1943970,0.142,5306797,4836469,5306797,4836469,0,0,244922216,227779772,71.76,109,49,103,-22,-11,-22,-41,-33,13
2021-01-07,21715174,278290,224741,255444,3985,2759,3926,2248557,1563675,2311965,0.143,5919418,5306797,5919418,5306797,0,0,244608992,229355087,71.76,129,55,125,-24,-10,-22,-41,-33,13
2021-01-08,22010389,295215,230830,278290,4107,2831,3985,2141875,1610673,2248557,0.143,6688231,5919418,6688231,5919418,0,0,245209838,229705358,71.76,121,53,125,-26,-14,-29,-42,-32,13
2021-01-09,22271084,260695,251057,295215,3321,3111,4107,1708216,1739914,2141875,0.134,6688231,6688231,6688231,6688231,0,0,241227805,230535706,71.76,91,43,88,-23,-9,-20,-35,-12,8
2021-01-10,22484332,213248,245398,260695,1999,3227,3321,1158844,1826050,1708216,0.133,6688231,6688231,6688231,6688231,0,0,234461370,230410600,71.76,108,49,101,-26,-13,-22,-38,-17,7
2021-01-11,22699326,214994,246041,213248,2103,3306,1999,1509017,1843457,1158844,0.134,8987322,6688231,8987322,6688231,0,0,240072946,231327701,71.76,114,49,106,-25,-12,-28,-42,-33,12
2021-01-12,22926246,226920,250428,214994,4474,3308,2103,2010401,1860349,1509017,0.132,9327138,8987322,9327138,8987322,0,0,241597874,232315969,71.76,122,48,113,-23,-10,-22,-41,-33,12
2021-01-13,23156608,230362,249258,226920,4029,3416,4474,2090451,1869839,2010401,0.133,10278462,9327138,9327139,9327138,0,0,243287255,233758043,71.76,62,31,55,-23,-12,-18,-41,-33,12
2021-01-14,23392315,235707,245675,230362,3986,3431,4029,2057129,1838194,2090451,0.13,11148991,10278462,9690757,9327139,1342086,0,243853352,234981669,71.76,105,45,107,-25,-13,-17,-41,-33,12
2021-01-15,23635046,242731,239592,235707,3892,3431,3986,2023845,1810848,2057129,0.126,12279180,11148991,10595866,9690757,1610524,1342086,246405437,238440188,71.76,107,46,110,-27,-16,-25,-41,-33,13
2021-01-16,23836726,201680,232094,242731,3404,3401,3892,1576122,1793986,2023845,0.125,12279180,12279180,10595866,10595866,1610524,1610524,240230366,239888098,71.76,89,42,82,-25,-12,-14,-36,-14,7
2021-01-17,24014508,177782,223663,201680,1897,3412,3404,1062247,1775116,1576122,0.123,12279180,12279180,10595866,10595866,1610524,1610524,242755772,241491817,71.76,98,45,93,-25,-15,-11,-38,-18,6
2021-01-18,24157924,143416,218597,177782,1535,3398,1897,1282828,1761316,1062247,0.121,12279180,12279180,10595866,10595866,1610524,1610524,250656575,241627565,71.76,100,46,99,-22,-14,-8,-44,-46,14
2021-01-19,24334630,176706,208371,143416,2732,3317,1535,1792248,1729003,1282828,0.117,15707588,12279180,13595803,10595866,2023124,1610524,241501761,241728720,71.76,101,46,101,-26,-12,-23,-42,-34,12
2021-01-20,24517866,183236,201198,176706,4408,3068,2732,2114301,1697839,1792248,0.114,16525281,15707588,14270441,13595803,2161419,2023124,243576506,241495154,71.76,104,47,104,-26,-16,-22,-43,-33,12
2021-01-21,24711684,193818,194465,183236,4204,3122,4408,2034795,1701246,2114301,0.111,17546374,16525281,15053257,14270441,2394961,2161419,248461811,241387206,71.76,120,49,123,-26,-13,-19,-42,-32,12
2021-01-22,24902437,190753,188481,193818,3845,3153,4204,1905202,1698055,2034795,0.108,19107959,17546374,16243093,15053257,2756953,2394961,250607646,241558006,71.76,115,47,123,-26,-14,-25,-41,-31,12
2021-01-23,25073050,170613,181056,190753,3345,3146,3845,1538017,1681106,1905202,0.104,20537990,19107959,17390345,16243093,3027865,2756953,246551616,241415514,71.76,86,42,86,-25,-12,-19,-38,-13,7
2021-01-24,25204112,131062,176618,170613,1899,3138,3345,997190,1675663,1538017,0.101,21848655,20537990,18502131,17390345,3216836,3027865,238517987,242600429,71.76,98,46,96,-28,-16,-28,-40,-17,7
2021-01-25,25356081,151969,169943,131062,1973,3138,1899,1226647,1666369,997190,0.1,22734243,21848655,19252279,18502131,3346390,3216836,245136476,244112376,71.76,100,45,100,-28,-16,-31,-44,-33,12
2021-01-26,25503621,147540,171165,151969,4007,3201,1973,1769035,1658343,1226647,0.1,23540994,22734243,19902237,19252279,3481921,3346390,245545367,244098645,71.76,103,45,102,-28,-17,-27,-44,-35,13
2021-01-27,25657566,153945,166999,147540,3960,3383,4007,2052521,1655027,1769035,0.098,24652634,23540994,20687970,19902237,3801053,3481921,246742612,244139967,71.76,107,46,107,-25,-15,-27,-42,-33,12
2021-01-28,25826176,168610,162814,153945,4037,3319,3960,1898019,1646201,2052521,0.097,26193682,24652634,21698606,20687970,4263056,3801053,246707464,244798318,71.76,123,51,125,-26,-14,-27,-42,-32,12
2021-01-29,25992744,166568,159213,168610,3634,3295,4037,1826116,1626662,1898019,0.094,27884661,26193682,22858318,21698606,4780888,4263056,248976110,245398634,71.76,117,49,127,-25,-15,-29,-42,-31,12
2021-01-30,26135056,142312,155758,166568,2786,3265,3634,1426675,1615364,1826116,0.093,29577902,27884661,24064165,22858318,5259693,4780888,246761824,246301670,71.76,87,42,88,-22,-8,-15,-36,-12,6
2021-01-31,26247053,111997,151715,142312,1851,3185,2786,944268,1599458,1426675,0.091,31123299,29577902,25201143,24064165,5657142,5259693,238070922,245696272,71.76,100,45,98,-27,-16,-22,-39,-18,7
2021-02-01,26382255,135202,148992,111997,2067,3178,1851,1031082,1591897,944268,0.092,32222402,31123299,26023153,25201143,5927847,5657142,239965170,244907686,71.76,105,46,103,-29,-19,-33,-49,-37,14
2021-02-02,26497588,115333,146596,135202,3429,3192,2067,1628183,1563959,1031082,0.09,32780860,32222402,26440836,26023153,6064792,5927847,243391672,245485344,71.76,102,42,101,-26,-15,-25,-45,-36,13
2021-02-03,26619229,121641,141995,115333,3906,3109,3429,1862592,1543838,1628183,0.089,33878254,32780860,27154956,26440836,6436931,6064792,248746347,245937645,68.06,104,42,101,-20,-9,-20,-40,-31,11
2021-02-04,26743204,123975,137380,121641,3736,3101,3906,1925013,1516705,1862592,0.085,35203710,33878254,27905197,27154956,6926050,6436931,249780855,245687024,68.06,128,50,125,-23,-11,-21,-40,-32,11
2021-02-05,26877601,134397,131004,123975,3688,3058,3736,1823540,1520561,1925013,0.083,36819212,35203710,28909497,27905197,7503864,6926050,253022948,245453947,68.06,120,48,125,-24,-13,-24,-39,-30,11
2021-02-06,26981588,103987,126408,134397,2641,3066,3688,1331065,1520193,1823540,0.08,39037964,36819212,30250964,28909497,8317180,7503864,249733396,245483977,68.06,93,41,91,-21,-6,-16,-34,-11,6
2021-02-07,27071236,89648,120933,103987,1436,3045,2641,828185,1506535,1331065,0.078,41210937,39037964,31579100,30250964,9147185,8317180,239743721,245420111,68.06,116,49,114,-31,-14,-30,-42,-17,6
2021-02-08,27161551,90315,117740,89648,1617,2986,1436,1037791,1489951,828185,0.074,42417617,41210937,32340146,31579100,9518015,9147185,246260368,244681353,68.06,120,49,117,-26,-15,-26,-41,-33,11
2021-02-09,27257183,95632,111328,90315,3074,2922,1617,1683462,1490910,1037791,0.071,43206190,42417617,32867213,32340146,9840429,9518015,245921700,244373682,68.06,127,48,119,-25,-12,-24,-41,-33,12
2021-02-10,27352360,95177,108514,95632,3310,2871,3074,1628637,1498807,1683462,0.071,44769970,43206190,33783384,32867213,10469514,9840429,247836443,244659930,68.06,93,36,91,-22,-10,-22,-40,-32,11
2021-02-11,27458120,105760,104733,95177,3207,2786,3310,1411865,1465385,1628637,0.072,46390270,44769970,34723964,33783384,11188782,10469514,248576053,245098986,68.06,52,25,46,-26,-12,-31,-41,-34,13
2021-02-12,27557758,99638,102131,105760,2929,2710,3207,1406031,1392078,1411865,0.072,48410558,46390270,35834855,34723964,12085830,11188782,252541650,245677105,68.06,97,40,92,-24,-10,-32,-39,-33,13
2021-02-13,27644880,87122,97165,99638,2198,2602,2929,1084872,1332434,1406031,0.071,50641884,48410558,37056122,35834855,13082172,12085830,243407804,246101616,68.06,89,40,83,-23,-4,-31,-36,-15,8
2021-02-14,27709901,65021,94756,87122,1161,2539,2198,662543,1297263,1084872,0.07,52884356,50641884,38292270,37056122,14077440,13082172,239075127,246340587,68.06,107,47,101,-24,-10,-31,-39,-20,7
2021-02-15,27764087,54186,91238,65021,958,2499,1161,795711,1273600,662543,0.069,52884357,52884356,38292271,38292270,14077441,14077440,242156839,247239901,68.06,110,48,105,-34,-21,-32,-49,-52,18
2021-02-16,27826806,62719,86077,54186,1748,2405,958,1244770,1239017,795711,0.068,55220364,52884357,39670551,38292271,15015434,14077441,244310204,247601334,68.06,115,48,111,-33,-17,-30,-45,-45,16
2021-02-17,27896924,70118,81375,62719,2405,2216,1748,1470167,1176347,1244770,0.066,56281827,55220364,40268009,39670551,15471536,15015434,247691987,247471347,68.06,112,43,119,-27,-11,-27,-42,-39,13
2021-02-18,27966848,69924,77795,70118,2519,2087,2405,1405886,1153708,1470167,0.062,57737767,56281827,41021049,40268009,16162358,15471536,247299578,247299233,68.06,82,35,84,-33,-19,-32,-46,-42,17
2021-02-19,28046145,79297,72675,69924,2631,1988,2519,1344200,1152854,1405886,0.06,59585043,57737767,41977401,41021049,17039118,16162358,251584774,247230476,68.06,107,45,108,-26,-15,-32,-42,-35,14
2021-02-20,28117670,71525,69770,79297,1818,1946,2631,1054422,1144021,1344200,0.057,61289500,59585043,42809595,41977401,17895667,17039118,247964604,246326820,68.06,86,39,80,-19,-8,-10,-31,-10,6
2021-02-21,28174750,57080,67541,71525,1247,1891,1818,681723,1139671,1054422,0.056,63090634,61289500,43628092,42809595,18865319,17895667,246889480,246231306,68.06,100,47,96,-19,-11,-12,-32,-13,5
2021-02-22,28230970,56220,66407,57080,1323,1904,1247,1028623,1142411,681723,0.054,64177474,63090634,44138118,43628092,19438495,18865319,251822229,245645088,68.06,104,49,98,-22,-13,-22,-39,-31,11
2021-02-23,28303233,72263,66698,56220,2274,1956,1323,1628978,1175684,1028623,0.053,65032083,64177474,44544969,44138118,19882544,19438495,254009721,245414874,68.06,99,45,96,-18,-8,-8,-36,-31,10
2021-02-24,28377965,74732,68061,72263,3178,2031,2274,1672232,1230571,1628978,0.053,66464947,65032083,45237143,44544969,20607261,19882544,254272398,245394238,68.06,101,45,96,-15,-8,-4,-35,-30,10
2021-02-25,28455466,77501,68720,74732,2446,2141,3178,1593431,1259438,1672232,0.052,68274117,66464947,46074392,45237143,21555117,20607261,253873775,245211884,68.06,115,47,110,-17,-9,-10,-35,-30,10
2021-02-26,28532812,77346,69803,77501,2068,2131,2446,1456442,1286230,1593431,0.052,70454064,68274117,47184199,46074392,22613359,21555117,257367436,245075188,68.06,112,46,113,-18,-11,-16,-34,-29,10
2021-02-27,28597387,64575,69524,77346,1515,2051,2068,1065904,1302264,1456442,0.052,72806180,70454064,48435536,47184199,23698627,22613359,252654978,245726159,68.06,85,40,82,-15,-6,-1,-28,-10,5
2021-02-28,28648744,51357,68531,64575,1094,2007,1515,625484,1303905,1065904,0.051,75236003,72806180,49772180,48435536,24779920,23698627,246606805,246842495,68.06,96,46,91,-16,-10,-9,-29,-13,4
2021-03-01,28706973,58229,67713,51357,1519,1985,1094,977639,1295871,625484,0.051,76899987,75236003,50732997,49772180,25466405,24779920,253129371,248223265,68.06,99,46,93,-17,-9,-18,-36,-30,9
2021-03-02,28764033,57060,68000,58229,1950,2013,1519,1592858,1288587,977639,0.05,78631601,76899987,51755447,50732997,26162122,25466405,254533579,249608910,68.06,101,46,96,-16,-7,-12,-36,-30,10
2021-03-03,28831226,67193,65829,57060,2491,1967,1950,1713294,1283427,1592858,0.048,80540474,78631601,52855579,51755447,26957804,26162122,253928683,250548969,68.06,104,47,98,-12,-4,-1,-34,-30,9
2021-03-04,28899277,68051,64752,67193,1938,1869,2491,1530461,1289293,1713294,0.048,82572848,80540474,54035670,52855579,27795980,26957804,255531800,251488140,64.35,121,50,116,-15,-6,-4,-34,-30,9
2021-03-05,28965728,66451,63402,68051,1785,1796,1938,1413051,1280297,1530461,0.047,85008094,82572848,55547697,54035670,28701201,27795980,258473697,252314235,64.35,117,49,123,-16,-8,-10,-33,-29,9
2021-03-06,29023931,58203,61845,66451,1506,1756,1785,1057557,1274099,1413051,0.046,87912323,85008094,57358849,55547697,29776160,28701201,254516363,252984288,64.35,93,43,94,-13,-4,7,-26,-11,4
2021-03-07,29064938,41007,60935,58203,698,1755,1506,603501,1272906,1057557,0.045,90351750,87912323,58873710,57358849,30686881,29776160,250505048,252943906,64.35,104,48,98,-12,-6,9,-26,-13,3
2021-03-08,29109974,45036,59456,41007,740,1698,698,963540,1269766,603501,0.044,92089852,90351750,60005231,58873710,31493040,30686881,255666461,253130641,64.35,99,47,93,-16,-7,-1,-35,-31,9
2021-03-09,29167616,57642,57572,45036,1807,1587,740,1523749,1267752,963540,0.045,93692598,92089852,61088527,60005231,32102061,31493040,256495602,253205477,64.35,97,45,92,-14,-5,9,-34,-31,9
2021-03-10,29225536,57920,57655,57642,1571,1566,1807,1589512,1257879,1523749,0.044,95721290,93692598,62451150,61088527,32904161,32102061,257635540,253156375,64.35,102,47,96,-13,-6,2,-34,-30,9
2021-03-11,29288010,62474,56330,57920,1567,1435,1571,1480664,1240196,1589512,0.044,98203893,95721290,64071674,62451150,33863127,32904161,257946572,253393236,64.35,118,50,114,-14,-5,7,-32,-30,9
2021-03-12,29349533,61523,55533,62474,1570,1382,1567,1384816,1233082,1480664,0.044,101128005,98203893,65965305,64071674,35000159,33863127,261336106,253551273,64.35,115,48,119,-14,-7,2,-30,-30,9
2021-03-13,29402465,52932,54829,61523,996,1351,1570,1017438,1229048,1384816,0.043,105703501,101128005,68884011,65965305,36929777,35000159,257661891,253817185,64.35,86,41,82,-10,-2,16,-21,-11,3
2021-03-14,29440686,38221,54076,52932,580,1278,996,575733,1223317,1017438,0.043,107060274,105703501,69784210,68884011,37459269,36929777,,253817185,64.35,95,46,88,-11,-7,1,-24,-15,4
2021-03-15,29497352,56666,53678,38221,756,1262,580,933331,1219350,575733,0.044,109081860,107060274,71054445,69784210,38335432,37459269,,254374077,64.35,97,45,89,-14,-7,-11,-34,-33,10
2021-03-16,29551309,53957,55340,56666,1177,1264,756,1478344,1215035,933331,0.044,110737856,109081860,72135616,71054445,39042345,38335432,,254736519,64.35,99,46,92,-11,-3,-2,-32,-32,9
2021-03-17,29610445,59136,54813,53957,1232,1174,1177,1597362,1208548,1478344,0.044,113037627,110737856,73669956,72135616,39989196,39042345,,255016808,64.35,102,46,94,-4,-2,0,-30,-31,8
2021-03-18,29670983,60538,54987,59136,1664,1125,1232,1454746,1209670,1597362,0.044,115730008,113037627,75495716,73669956,40981464,39989196,,255546359,64.35,120,48,114,-10,-5,-9,-31,-32,10
2021-03-19,29732612,61629,54710,60538,1147,1139,1664,1325598,1205967,1454746,0.044,118313818,115730008,77230061,75495716,41934629,40981464,,255891326,64.35,119,48,123,-10,-6,0,-28,-31,8
2021-03-20,29787986,55374,54726,61629,742,1079,1147,978090,1197507,1325598,0.045,121441497,118313818,79367225,77230061,43036818,41934629,,256300242,64.35,86,40,83,-6,-2,25,-16,-10,2
2021-03-21,29821754,33768,55074,55374,439,1043,742,605748,1191886,978090,0.045,124481412,121441497,81415769,79367225,44141228,43036818,,256749603,64.35,90,42,83,-4,-3,28,-16,-12,2
2021-03-22,29873347,51593,54438,33768,719,1022,439,956080,1196174,605748,0.046,126509736,124481412,82772416,81415769,44910946,44141228,,257790362,66.2,95,45,88,-9,-5,11,-30,-30,8
2021-03-23,29926950,53603,53714,51593,876,1017,719,1505933,1199424,956080,0.047,128217029,126509736,83930495,82772416,45533962,44910946,,258215142,61.57,102,49,95,-9,-4,9,-31,-30,8
2021-03-24,30013910,86960,53663,53603,1512,974,876,1632492,1203365,1505933,0.047,130473853,128217029,85472166,83930495,46365515,45533962,,258645027,61.57,105,50,98,-9,-5,1,-31,-30,9
2021-03-25,30081375,67465,57638,86960,1410,1014,1512,1428054,1208384,1632492,0.049,133305295,130473853,87343622,85472166,47419832,46365515,,258981523,61.57,123,54,119,-10,-4,4,-30,-30,9
2021-03-26,30158696,77321,58627,67465,1151,978,1410,1354899,1204571,1428054,0.05,136684688,133305295,89559225,87343622,48695172,47419832,,259498999,61.57,120,53,127,-10,-6,9,-27,-30,8
2021-03-27,30221396,62700,60869,77321,787,978,1151,986685,1208757,1354899,0.05,140180735,136684688,91707729,89559225,50141769,48695172,,257661891,61.57,83,40,83,-8,-2,35,-16,-10,2
2021-03-28,30264493,43097,61916,62700,522,985,787,617627,1209984,986685,0.051,143462691,140180735,93631163,91707729,51593564,50141769,,,61.57,98,49,90,-8,-5,3,-21,-14,3
2021-03-29,30333922,69429,63248,43097,709,997,522,986306,1211681,617627,0.051,145812835,143462691,95015762,93631163,52614231,51593564,,,58.8,100,48,92,-8,-3,14,-30,-31,8
2021-03-30,30395171,61249,65796,69429,882,995,709,1509215,1215999,986306,0.052,147602345,145812835,96044046,95015762,53423486,52614231,,,56.94,104,49,95,-7,-1,23,-29,-31,8
2021-03-31,30462210,67039,66889,61249,1088,996,882,1556326,1216468,1509215,0.053,150273292,147602345,97593290,96044046,54607041,53423486,,,56.94,105,50,96,-6,-2,4,-29,-31,8
2021-04-01,30541255,79045,64043,67039,1075,936,1088,1416591,1205587,1556326,0.054,153631404,150273292,99565311,97593290,56089614,54607041,,,56.94,126,57,123,-4,3,9,-27,-31,8
2021-04-02,30611086,69831,65697,79045,950,888,1075,1312051,1203950,1416591,0.053,157606463,153631404,101804762,99565311,57984785,56089614,,,56.94,119,55,134,-6,3,11,-27,-40,10
2021-04-03,30674153,63067,64627,69831,734,859,950,949486,1197829,1312051,0.054,161688422,157606463,104213478,101804762,59858146,57984785,,,56.94,94,49,107,-6,11,31,-18,-14,2
2021-04-04,30709125,34972,64680,63067,289,851,734,558189,1192515,949486,0.054,165053746,161688422,106214924,104213478,61416536,59858146,,,56.94,84,47,83,-28,-11,33,-21,-23,1
2021-04-05,30786804,77679,63519,34972,513,818,289,915974,1184023,558189,0.054,167187795,165053746,107515428,106214924,62392065,61416536,,,56.94,88,49,87,-6,-1,26,-27,-34,8
2021-04-06,30847348,60544,64697,77679,854,790,513,1501612,1173976,915974,0.054,168592075,167187795,108301234,107515428,63016976,62392065,,,56.94,96,50,92,-6,0,33,-27,-31,7
2021-04-07,30922386,75038,64597,60544,2586,786,854,1591778,1172890,1501612,0.055,171476655,168592075,109995734,108301234,64422618,63016976,,,56.94,92,46,87,-4,0,27,-27,-31,7
2021-04-08,31002264,79878,65739,75038,1012,1000,2586,1461755,1177954,1591778,0.054,174879716,171476655,112046611,109995734,66203123,64422618,,,56.94,116,53,113,-6,-1,26,-26,-30,8
2021-04-09,31084962,82698,65858,79878,880,991,1012,1405832,1184406,1461755,0.056,178837781,174879716,114436039,112046611,68202458,66203123,,,56.94,122,54,130,-10,-5,16,-26,-30,7
2021-04-10,31151497,66535,67697,82698,713,981,880,980541,1197804,1405832,0.056,183467709,178837781,117142879,114436039,70692645,68202458,,,56.94,96,46,94,-7,-2,32,-17,-12,2
2021-04-11,31197877,46380,68192,66535,289,978,713,628931,1202240,980541,0.057,187047131,183467709,119242902,117142879,72630892,70692645,,,56.94,103,49,94,-6,-4,18,-19,-14,2
2021-04-12,31268107,70230,69822,46380,471,978,289,1014771,1212346,628931,0.055,189692045,187047131,120848490,119242902,74066085,72630892,,,56.94,109,52,101,-9,-3,9,-29,-29,7
2021-04-13,31345985,77878,68758,70230,827,972,471,1554932,1226460,1014771,0.057,192282781,189692045,122295530,120848490,75322283,74066085,,,56.94,113,54,106,-8,-1,20,-29,-29,7
2021-04-14,31421360,75375,71234,77878,958,968,827,1605780,1234077,1554932,0.056,194791836,192282781,123917385,122295530,76681252,75322283,,,56.94,116,54,108,-7,-3,13,-29,-30,8
2021-04-15,31495649,74289,71282,75375,893,736,958,1421291,1236077,1605780,0.056,198317040,194791836,125822868,123917385,78498290,76681252,,,56.94,136,59,132,-10,-3,9,-29,-29,8
2021-04-16,31575640,79991,70484,74289,866,719,893,1391107,1230297,1421291,0.056,202282923,198317040,127743096,125822868,80609818,78498290,,,56.94,135,57,145,-11,-6,8,-27,-29,8
2021-04-17,31628013,52373,70097,79991,681,717,866,970991,1228193,1391107,0.056,205871913,202282923,129494179,127743096,82471151,80609818,,,56.94,102,47,99,-8,-2,35,-17,-12,2
2021-04-18,31670031,42018,68074,52373,318,712,681,580904,1226829,970991,0.056,209406814,205871913,131247546,129494179,84263408,82471151,,,56.94,108,52,100,-5,-2,38,-16,-13,2
2021-04-19,31737964,67933,67451,42018,482,716,318,840238,1219968,580904,0.056,211581309,209406814,132321628,131247546,85365180,84263408,,,56.94,111,52,102,-10,-3,14,-28,-29,8
2021-04-20,31799237,61273,67122,67933,825,718,482,1235816,1195035,840238,0.056,213388238,211581309,133266995,132321628,86223506,85365180,,,56.94,115,54,107,-8,-1,21,-28,-29,8
,,,,,,,,,,,,,,,,,,,,,119,54,111,-9,-3,6,-29,-29,8
,,,,,,,,,,,,,,,,,,,,,141,61,137,-9,-2,16,-28,-28,8
,,,,,,,,,,,,,,,,,,,,,140,60,151,-11,-5,16,-25,-28,7
,,,,,,,,,,,,,,,,,,,,,108,50,107,-9,-2,34,-18,-12,2
,,,,,,,,,,,,,,,,,,,,,112,54,105,-6,-3,23,-18,-13,2
,,,,,,,,,,,,,,,,,,,,,115,56,110,,,,,,
,,,,,,,,,,,,,,,,,,,,,117,55,110,,,,,,
,,,,,,,,,,,,,,,,,,,,,124,58,118,,,,,,
,,,,,,,,,,,,,,,,,,,,,,,,,,,,,
,,,,,,,,,,,,,,,,,,,,,145,63,163,,,,,,
,,,,,,,,,,,,,,,,,,,,,110,51,111,,,,,,
,,,,,,,,,,,,,,,,,,,,,117,55,110,,,,,,
,,,,,,,,,,,,,,,,,,,,,121,56,114,,,,,,
,,,,,,,,,,,,,,,,,,,,,127,58,124,,,,,,
,,,,,,,,,,,,,,,,,,,,,131,57,122,,,,,,
,,,,,,,,,,,,,,,,,,,,,155,66,155,,,,,,
,,,,,,,,,,,,,,,,,,,,,156,68,177,,,,,,
,,,,,,,,,,,,,,,,,,,,,120,57,124,,,,,,
,,,,,,,,,,,,,,,,,,,,,122,60,118,,,,,,
,,,,,,,,,,,,,,,,,,,,,124,60,118,,,,,,
,,,,,,,,,,,,,,,,,,,,,127,58,118,,,,,,
,,,,,,,,,,,,,,,,,,,,,131,61,126,,,,,,
,,,,,,,,,,,,,,,,,,,,,157,70,160,,,,,,
,,,,,,,,,,,,,,,,,,,,,157,71,180,,,,,,
,,,,,,,,,,,,,,,,,,,,,117,53,118,,,,,,
,,,,,,,,,,,,,,,,,,,,,126,62,124,,,,,,
,,,,,,,,,,,,,,,,,,,,,130,64,129,,,,,,
,,,,,,,,,,,,,,,,,,,,,132,62,126,,,,,,
,,,,,,,,,,,,,,,,,,,,,141,64,136,,,,,,
,,,,,,,,,,,,,,,,,,,,,159,70,162,,,,,,
,,,,,,,,,,,,,,,,,,,,,148,68,167,,,,,,
,,,,,,,,,,,,,,,,,,,,,103,54,106,,,,,,
,,,,,,,,,,,,,,,,,,,,,131,65,129,,,,,,
,,,,,,,,,,,,,,,,,,,,,133,67,132,,,,,,
,,,,,,,,,,,,,,,,,,,,,135,66,133,,,,,,
,,,,,,,,,,,,,,,,,,,,,139,68,139,,,,,,
,,,,,,,,,,,,,,,,,,,,,160,74,165,,,,,,
,,,,,,,,,,,,,,,,,,,,,158,73,182,,,,,,
,,,,,,,,,,,,,,,,,,,,,120,57,120,,,,,,
,,,,,,,,,,,,,,,,,,,,,125,63,118,,,,,,
,,,,,,,,,,,,,,,,,,,,,127,65,122,,,,,,
,,,,,,,,,,,,,,,,,,,,,129,64,123,,,,,,
,,,,,,,,,,,,,,,,,,,,,134,64,127,,,,,,
,,,,,,,,,,,,,,,,,,,,,156,73,159,,,,,,
,,,,,,,,,,,,,,,,,,,,,157,75,182,,,,,,
,,,,,,,,,,,,,,,,,,,,,122,62,128,,,,,,
,,,,,,,,,,,,,,,,,,,,,125,65,119,,,,,,
,,,,,,,,,,,,,,,,,,,,,129,67,126,,,,,,
,,,,,,,,,,,,,,,,,,,,,128,63,119,,,,,,
,,,,,,,,,,,,,,,,,,,,,135,65,128,,,,,,
,,,,,,,,,,,,,,,,,,,,,158,75,162,,,,,,
,,,,,,,,,,,,,,,,,,,,,156,77,182,,,,,,
,,,,,,,,,,,,,,,,,,,,,120,59,121,,,,,,
,,,,,,,,,,,,,,,,,,,,,125,65,120,,,,,,
,,,,,,,,,,,,,,,,,,,,,129,66,124,,,,,,
,,,,,,,,,,,,,,,,,,,,,131,68,127,,,,,,
